Date,Ticker,Open,High,Low,Close,Volume,SMA_20,SMA_50,SMA_200,EMA_12,EMA_26,Rolling_Std_20,Rolling_Var_20,Rolling_Skew_30,Daily_Return,Cumulative_Return,Peak_Close,Drawdown_Pct,Max_Drawdown_Pct,RSI_14,MACD_Line,MACD_Signal,MACD_Histogram,BB_Upper,BB_Lower,BB_Width,TR,ATR_14,Rolling_Sharpe_60,Corr_vs_AAPL,Return_Z_Score,Anomaly_Signal
2026-01-07,AAPL,184.63,190.13,182.64,186.41,915301,196.947,196.2152,175.487,195.02989968030826,195.90127052809362,5.506943081716815,30.32642210526869,0.1542225636026333,-0.016773036552560794,0.028128619491477602,204.4,-8.801369863013702,-19.218766254030996,36.222480809302084,-0.8713708477853572,0.8297626062740745,-1.7011334540594318,207.96088616343363,185.93311383656638,0.11184619378242497,7.490000000000009,5.600714285714288,1.090177473459174,0.9999999999997178,-0.85948611808223,False
2026-01-08,AAPL,190.49,191.31,188.98,190.75,1410845,196.885,196.06799999999998,175.6387,194.37145357564543,195.51969493342,5.572281494382452,31.05032105263713,0.176333554182104,0.023282012767555482,0.05206552313716739,204.4,-6.678082191780825,-19.218766254030996,43.37767772421773,-1.148241357774566,0.43416181346434646,-1.5824031712389126,208.0295629887649,185.7404370112351,0.11320885784864164,4.900000000000006,5.322857142857144,1.325953997790535,0.9999999999997831,1.2722397393913927,False
2026-01-09,AAPL,186.54,187.38,186.03,187.07,905311,196.722,195.85859999999997,175.76045,193.24815302554615,194.89379160501852,5.816450898325986,33.831101052637166,0.1126696381058889,-0.01929226736566192,0.031768793778610194,204.4,-8.478473581213313,-19.218766254030996,39.34674498705406,-1.6456385794723758,0.018201734877001996,-1.6638403143493778,208.35490179665197,185.08909820334804,0.11826742099665481,4.719999999999999,5.242142857142858,0.8875830604927556,0.9999999999996466,-0.987438729840487,False
2026-01-12,AAPL,187.46,188.34,184.68,186.01,1303629,196.2665,195.653,175.8725,192.134591021616,194.23573296760975,6.286250053636728,39.51693973684777,0.020449242473793962,-0.005666328112471253,0.02592245325685183,204.4,-8.997064579256367,-19.218766254030996,38.24432029948538,-2.10114194599376,-0.4056670012971504,-1.6954749446966095,208.83900010727348,183.69399989272654,0.12811661803999633,3.6599999999999966,5.086428571428572,0.6786917798938662,0.9999999999989778,-0.19226400343682004,False
2026-01-13,AAPL,187.48,187.8,184.07,186.42,1173364,195.773,195.44979999999998,175.99355,191.2554231721366,193.65678978482384,6.6605832682798845,44.36336947368994,0.036237413432641405,0.0022041825708294382,0.028183773647343147,204.4,-8.796477495107641,-19.218766254030996,38.9567474473913,-2.401366612687241,-0.8048069235751685,-1.5965596891120724,209.09416653655975,182.45183346344024,0.1360878827678971,3.730000000000018,4.9371428571428595,-0.17491041734710538,0.9999999999999553,0.2605354592532005,False
2026-01-14,AAPL,189.65,191.22,188.57,190.25,1641012,195.6375,195.1934,176.12939999999998,191.1007426841156,193.404434985948,6.747815923456112,45.53301973684786,0.07415534989691361,0.020545005900654445,0.049307815343885064,204.4,-6.922700587084152,-19.218766254030996,45.304431414924,-2.303692301832399,-1.1045839992266147,-1.1991083026057843,209.13313184691222,182.14186815308776,0.13796569519557583,4.800000000000011,4.958571428571432,0.03773298056102745,0.999999999999721,1.163509834573149,False
2026-01-15,AAPL,186.59,187.15,183.49,186.57,1101090,195.19050000000001,194.96559999999997,176.22895,190.40370534809782,192.89818054254445,7.04621770507939,49.64918394737426,0.07811133747946135,-0.019342969776609764,0.029011085985327867,204.4,-8.723091976516638,-19.218766254030996,40.903250871957376,-2.494475194446636,-1.382562238270619,-1.111912956176017,209.28293541015879,181.09806458984124,0.14439673457631155,6.759999999999991,5.280000000000003,-0.5740189349633446,0.9999999999995358,-0.9384659878922451,False
2026-01-16,AAPL,192.07,193.11,186.43,189.67,1351664,194.603,194.76039999999998,176.3441,190.29082760223662,192.65905605791153,6.9890915756368175,48.84740105263754,0.1427214542713857,0.016615747440638762,0.046108874303677494,204.4,-7.206457925636016,-19.218766254030996,45.68965759125007,-2.3682284556749096,-1.5796954817514772,-0.7885329739234324,208.58118315127365,180.62481684872637,0.143658454918718,6.680000000000007,5.429285714285718,-0.522101818397446,0.999999999999573,1.12931101620751,False
2026-01-19,AAPL,190.12,192.5,188.53,189.77,946123,193.8715,194.64419999999998,176.44115000000002,190.2107002788156,192.44505190547366,6.6679731592619405,44.46186605263766,0.24958110753692797,0.0005272315073550082,0.04666041586233405,204.4,-7.15753424657534,-19.218766254030996,45.84203876161068,-2.2343516266580536,-1.7106267107327926,-0.523724915925261,207.20744631852386,180.53555368147613,0.13757510844578874,3.969999999999999,5.345714285714288,-0.6771532998206333,0.9999999999995569,0.24452334437849255,False
2026-01-20,AAPL,186.17,187.66,184.62,187.28,792780,193.2245,194.50220000000002,176.55579999999998,189.75982331284396,192.06245546803115,6.647309289440344,44.186720789479885,0.2917161032901377,-0.013121146651209448,0.0329270310517884,204.4,-8.375733855185912,-19.218766254030996,42.634348502416756,-2.302632155187183,-1.8290277996236708,-0.4736043555635123,206.5191185788807,179.92988142111932,0.13760800083716804,5.150000000000006,5.252142857142862,-0.8300662335755872,0.9999999999996884,-0.6026624041388879,False
2026-01-21,AAPL,189.09,192.15,187.83,188.56,619803,192.7045,194.3252,176.66715,189.575235110868,191.80301432225104,6.581478377354531,43.31585763158523,0.3322078075999397,0.006834686031610415,0.039986763002590964,204.4,-7.749510763209395,-19.218766254030996,44.77364124090134,-2.2277792113830515,-1.908778081975547,-0.31900112940750436,205.86745675470905,179.54154324529094,0.13661286326690925,4.8700000000000045,5.319285714285718,-0.9031412991952766,0.9999999999996053,0.5658140553196399,False
2026-01-22,AAPL,189.56,191.75,188.03,189.15,947804,192.034,194.155,176.78009999999998,189.5098143245806,191.60649474282505,6.196405919224134,38.39544631579588,0.3559336941995596,0.003128977513788822,0.04324085819866408,204.4,-7.460861056751468,-19.218766254030996,45.777390928727655,-2.0966804182444605,-1.94635854922933,-0.15032186901513045,204.42681183844826,179.64118816155172,0.1290689340267689,3.719999999999999,4.833571428571432,-0.6749194703695627,0.9999999999997542,0.4034417010731611,False
2026-01-23,AAPL,187.67,189.1,186.47,187.65,952772,191.3835,194.0118,176.8887,189.22368904387588,191.31342105817134,5.9199131172506245,35.04537131579601,0.3596041253140764,-0.007930214115781098,0.03496773481881754,204.4,-8.194716242661448,-19.218766254030996,43.60737515704557,-2.089732014295464,-1.975033242242557,-0.11469877205290713,203.22332623450126,179.54367376549874,0.12372880874789373,2.680000000000007,4.738571428571433,-0.7604751225567244,0.9999999999998216,-0.29587319920964283,False
2026-01-26,AAPL,188.29,189.91,187.11,187.91,1335028,190.6805,193.91080000000002,176.99720000000002,189.02158303712574,191.0613157946031,5.409392878669115,29.261531315796134,0.4359468168066393,0.0013855582200905658,0.03640174287132436,204.4,-8.067514677103722,-19.218766254030996,44.10199883723615,-2.039732757477367,-1.987973145289519,-0.05175961218784786,201.4992857573382,179.86171424266178,0.1134755337576545,2.799999999999983,4.709285714285717,-0.6287484530277139,0.9999999999994298,0.3085046167634384,False
2026-01-27,AAPL,186.64,190.11,185.91,186.98,1094036,189.818,193.7532,177.12335,188.7074933391064,190.75899610611398,4.420024529582625,19.5366168421121,0.5295496782593617,-0.004949177797881954,0.031272406375819406,204.4,-8.522504892367913,-19.218766254030996,42.6606331617266,-2.0515027670075767,-2.0006790696331307,-0.05082369737444603,198.65804905916525,180.97795094083477,0.09314236857584884,4.200000000000017,4.474285714285718,-0.738762850794547,0.9999999999996478,-0.042877639205858686,False
2026-01-28,AAPL,188.19,190.77,184.14,187.34,543208,189.1,193.6406,177.25345000000002,188.49710974847466,190.50573713529073,3.447682669486953,11.886515789480681,0.5718948556185851,0.001925339608514376,0.03325795598698278,204.4,-8.346379647749512,-19.218766254030996,43.43135193442064,-2.008627386816073,-2.0022687330697195,-0.006358653746353582,195.9953653389739,182.2046346610261,0.07292824261209839,6.630000000000024,4.597857142857147,-1.327965107829388,0.9999999999996197,0.3586271763255188,False
2026-01-29,AAPL,190.3,191.31,184.45,189.14,797958,188.47650000000002,193.551,177.38825,188.59601594101701,190.4045714215655,1.800149920659171,3.2405397368492195,0.6594667837629115,0.009608198996476913,0.043185704042798756,204.4,-7.465753424657544,-19.218766254030996,47.24926673881508,-1.8085554805484776,-1.9635260825654712,0.15497060201699364,192.07679984131835,184.87620015868168,0.03820423067404511,6.860000000000014,4.750714285714291,-0.7183958862513833,0.9999999999995107,0.8125899907012387,False
2026-01-30,AAPL,193.59,196.48,189.65,193.42,2280971,188.506,193.543,177.52735,189.3381673347067,190.62793650144954,1.8783822827122012,3.5283200000071,0.7694380294009195,0.022628740615417087,0.06679168275329461,204.4,-5.371819960861066,-19.218766254030996,55.02249988626756,-1.2897691667428433,-1.8287746994009457,0.5390055326581025,192.2627645654244,184.7492354345756,0.03985830228665815,7.340000000000003,5.013571428571434,-0.4787850470842657,0.9999999999998317,1.6668025604993135,False
2026-02-02,AAPL,191.32,193.2,189.11,190.2,1365259,188.507,193.50400000000002,177.65594999999996,189.47075697552106,190.59623750134216,1.8793254668985397,3.5318642105334144,0.9027062556579543,-0.016647709647399478,0.04903204456455712,204.4,-6.947162426614489,-19.218766254030996,49.1539789503562,-1.1254805258211036,-1.6881158646849772,0.5626353388638736,192.26565093379708,184.74834906620293,0.03987810461995651,4.309999999999974,5.055000000000002,-0.3900003842584002,1.0000000000000284,-1.230312481573933,False
2026-02-03,AAPL,195.46,197.54,195.45,195.98,934191,188.82649999999998,193.4632,177.82229999999998,190.47217897928707,190.99503472346495,2.5103643581228123,6.30192921053336,0.9647683209143492,0.03038906414300735,0.08091114665489951,204.4,-4.119373776908032,-19.218766254030996,57.84538628422601,-0.5228557441778889,-1.4550638405835596,0.9322080964056707,193.8472287162456,183.80577128375435,0.05317822144927358,7.340000000000003,5.236428571428574,0.26149759526800503,0.999999999999641,1.8873817471878644,False
2026-02-04,AAPL,190.4,192.11,188.64,190.82,1035995,189.047,193.28279999999998,177.9682,190.5256899055506,190.98206918839347,2.480437355324908,6.152569473691225,1.1264257217992675,-0.02632921726706805,0.05245160222822709,204.4,-6.643835616438362,-19.218766254030996,49.680895660145715,-0.45637928284287455,-1.2553269290354228,0.7989476461925482,194.00787471064982,184.08612528935018,0.05248297736171236,7.340000000000003,5.277857142857146,-0.46368739111978685,0.9999999999997402,-1.7357652726961585,False
2026-02-05,AAPL,191.86,193.97,190.14,190.49,750715,189.034,193.205,178.1018,190.5201991508505,190.94561961888283,2.4717081244836727,6.109341052638595,1.3169320875778463,-0.0017293784718581673,0.050631515084661016,204.4,-6.805283757338549,-19.218766254030996,49.20259901500132,-0.42542046803234257,-1.0893456368348067,0.6639251688024641,193.97741624896733,184.09058375103265,0.052301874255079386,3.8300000000000125,5.074285714285717,-0.5152442239444217,0.999999999999523,-0.117499546050824,False
2026-02-06,AAPL,190.39,192.28,190.16,192.13,1831948,189.28699999999998,193.14839999999995,178.23955,190.7678608199504,191.03335149896557,2.518617206243524,6.343432631585933,1.5101751518889375,0.008609375820253007,0.05967679664662673,204.4,-6.002935420743645,-19.218766254030996,51.69170952413838,-0.26549067901515855,-0.9245746452708771,0.6590839662557185,194.32423441248702,184.24976558751294,0.05322324737025827,2.1200000000000045,4.942142857142861,-0.1196344914374606,0.9999999999995219,0.4966566702166681,False
2026-02-09,AAPL,193.54,195.46,189.48,192.95,1629728,189.634,193.1422,178.3871,191.10357453995806,191.17532546200516,2.5214436132390055,6.357677894743772,1.6903273706463906,0.004267943579867817,0.06419943742760958,204.4,-5.601761252446192,-19.218766254030996,52.93355837325257,-0.07175092204710154,-0.7540099006261219,0.6822589785790204,194.676887226478,184.59111277352198,0.05318547545775548,5.980000000000018,5.001428571428576,0.11846664487168743,0.9999999999995854,0.16273565300274198,False
2026-02-10,AAPL,191.91,192.33,189.58,191.36,861670,189.881,193.0568,178.52055000000001,191.14302461073373,191.1890050574122,2.4303452213098717,5.906577894743729,1.701248895478715,-0.008240476807462982,0.05542992664497226,204.4,-6.3796477495107595,-19.218766254030996,50.23682971696044,-0.045980446678470344,-0.6124040098365916,0.5664235631581213,194.74169044261976,185.02030955738024,0.05119722818628252,3.369999999999976,4.894285714285717,-0.1950357423322041,0.9999999999986857,-0.6636970000394353,False
2026-02-11,AAPL,191.89,195.38,188.03,190.89,822390,189.91299999999998,193.0034,178.65025000000003,191.1040977475439,191.1668565346409,2.4396550662157432,5.9519168421121424,1.7007423707034444,-0.0024561036789298996,0.05283768131928679,204.4,-6.6095890410959,-19.218766254030996,49.43510179312447,-0.06275878709701033,-0.5024749652886753,0.439716178191665,194.79231013243148,185.03368986756848,0.051384688066972765,7.349999999999994,5.153571428571431,-0.06965677626878404,0.9999999999991652,-0.1961851063535198,False
2026-02-12,AAPL,188.63,189.92,185.37,189.66,1137994,190.0675,192.93,178.76235,190.88192886330637,191.05523753207493,2.3112695873199223,5.341967105270004,0.5723046962473007,-0.006443501493006432,0.046053720147812616,204.4,-7.211350293542079,-19.218766254030996,47.307329473079484,-0.17330866876855566,-0.4366417059846514,0.26333303721609574,194.69003917463985,185.44496082536014,0.048641026736710426,5.519999999999982,5.356428571428572,-0.2400937781415751,0.9999999999986247,-0.5582800066535122,False
2026-02-13,AAPL,188.05,189.04,185.14,188.19,1228065,189.99349999999998,192.7986,178.87485,190.46778596125924,190.84299771488418,2.3480658894203743,5.513413421059493,0.7296360649902653,-0.007750711800063259,0.037946059235562934,204.4,-7.930528375733859,-19.218766254030996,44.82420102217065,-0.37521175362493864,-0.42435571551270884,0.049143961887770204,194.68963177884072,185.29736822115925,0.04943465727870414,4.52000000000001,5.479285714285717,-0.39196360672891345,0.9999999999974285,-0.5831853947213489,False
2026-02-16,AAPL,190.0,192.65,184.69,190.49,989054,190.0295,192.66459999999998,179.0023,190.4712035056809,190.81684973600386,2.349977547486585,5.522394473691065,0.7137988677380424,0.012221690844359534,0.05063151508466124,204.4,-6.805283757338549,-19.218766254030996,49.30761330386494,-0.3456462303229557,-0.40861381847475825,0.06296758815180253,194.7294550949732,185.32954490502684,0.04946553135142887,7.960000000000008,5.7478571428571446,-0.030468007124714733,0.9999999999971423,0.9154145283701162,False
2026-02-17,AAPL,193.15,196.24,190.66,191.51,785932,190.24099999999999,192.6146,179.13899999999998,190.63101835096077,190.86819420000356,2.278769058298677,5.19278842105944,0.6245056500129372,0.005354611790645114,0.05625723898295698,204.4,-6.3062622309197724,-19.218766254030996,51.20137215611045,-0.2371758490427851,-0.3743262245883636,0.13715037554557852,194.79853811659734,185.68346188340263,0.047913311185258246,5.75,5.6850000000000005,-0.4823833441924231,0.9999999999958292,0.3274218324536682,False
2026-02-18,AAPL,190.18,192.02,189.19,189.75,1358569,190.3005,192.546,179.2831,190.49547706619757,190.78536500000328,2.2478936924682125,5.0530260526383755,0.6202595814186375,-0.009190120620333087,0.046550107550603625,204.4,-7.167318982387479,-19.218766254030996,47.87774138772958,-0.28988793380571565,-0.357438566431834,0.06755063262611838,194.79628738493642,185.80471261506358,0.04724934916026411,2.8300000000000125,5.397142857142858,-0.8120089540029924,0.9999999999967524,-0.746455430783783,False
2026-02-19,AAPL,193.35,193.53,191.82,192.2,703847,190.453,192.55019999999996,179.43580000000003,190.75771136370565,190.8901527777808,2.269092329546501,5.1487800000067665,0.5686339819482048,0.012911725955204068,0.06006287573768643,204.4,-5.968688845401182,-19.218766254030996,52.50008380397219,-0.13244141407514576,-0.3124391359604964,0.17999772188535063,194.991184659093,185.914815340907,0.047656741128708824,3.780000000000001,5.142857142857143,-0.09341684643661358,0.9999999999975954,0.9161853819143578,False
2026-02-20,AAPL,192.32,193.52,191.63,193.1,1441139,190.72549999999998,192.60559999999998,179.5898,191.11806346159707,191.05384516461183,2.241844811288562,5.025868157901448,0.4367162354852958,0.004682622268470382,0.06502674976559453,204.4,-5.528375733855191,-19.218766254030996,54.11005294780019,0.06421829698524562,-0.23710764937134798,0.3013259463565936,195.2091896225771,186.24181037742287,0.04701720139758048,1.8900000000000148,4.970000000000003,-0.0622914661363326,0.9999999999980383,0.24410420005995662,False
2026-02-23,AAPL,194.6,198.19,194.08,195.36,991489,191.098,192.6104,179.7547,191.77066908288984,191.3728195968628,2.3649626680054108,5.5930484210592715,0.5395772654050395,0.011703780424650478,0.07749158899123021,204.4,-4.422700587084145,-19.218766254030996,57.96311374554389,0.3978494860270416,-0.11011622229167006,0.5079657083187117,195.82792533601082,186.3680746639892,0.04950261474228729,5.090000000000003,4.809285714285717,0.31060165168064985,1.0000000000004172,0.7338110504439586,False
2026-02-24,AAPL,196.43,201.78,194.74,197.14,1342773,191.606,192.62739999999997,179.93085,192.5967199932145,191.8000181452433,2.5199674183370337,6.350235789480214,0.7573126516662229,0.009111384111383902,0.08730902873531465,204.4,-3.5518590998043145,-19.218766254030996,60.7578290733586,0.7967018479711783,0.07124739176089961,0.7254544562102787,196.64593483667406,186.56606516332593,0.052607275729090575,7.039999999999992,4.787857142857145,0.2537499466873562,0.9999999999992243,0.48449397395466226,False
2026-02-25,AAPL,194.7,195.09,193.72,194.97,535251,191.98749999999998,192.66760000000002,180.11155000000002,192.9618399942584,192.03483161596603,2.4155349739825285,5.834809210532775,0.6320703368242323,-0.011007405904433387,0.07534057691246976,204.4,-4.613502935420747,-19.218766254030996,55.88040004463687,0.9270083782923848,0.24239958906719666,0.6846087892251882,196.81856994796505,187.15643005203492,0.05032692178360636,3.4199999999999875,4.758571428571429,0.24585687252896954,0.9999999999985619,-0.9681490019306452,False
2026-02-26,AAPL,193.04,195.02,190.68,193.53,1124595,192.207,192.628,180.28940000000003,193.04924922591098,192.14558482959816,2.341488730207903,5.482569473690619,0.5753788585640988,-0.007385751654100603,0.06739837846781693,204.4,-5.318003913894327,-19.218766254030996,52.84854002126859,0.9036643963128199,0.3746525505163213,0.5290118457964986,196.8899774604158,187.5240225395842,0.04872847982035825,4.340000000000003,4.917142857142857,0.13219231364330078,0.9999999999985774,-0.6357934903475033,False
2026-02-27,AAPL,194.33,196.51,194.27,195.62,524110,192.31699999999998,192.512,180.48109999999997,193.44474934500158,192.40294891629458,2.4506070139556217,6.005474736848489,0.45163771165524746,0.010799359272464226,0.07892559704373658,204.4,-4.295499021526419,-19.218766254030996,56.53459530955862,1.0418004287070062,0.5080821261544584,0.5337183025525478,197.21821402791122,187.41578597208874,0.05097015893458444,2.9799999999999898,4.702857142857141,0.1938221652213226,0.9999999999984093,0.7925367655849548,False
2026-03-02,AAPL,198.47,199.88,195.81,197.36,1083533,192.675,192.37120000000002,180.68989999999997,194.04709559961674,192.77013788545793,2.640682726713717,6.973205263164192,0.42053006669312587,0.008894796033125596,0.08852242016435885,204.4,-3.4442270058708377,-19.218766254030996,59.38153246342514,1.2769577141588115,0.661857243755329,0.6151004704034826,197.95636545342745,187.39363454657257,0.05482149166656224,4.259999999999991,4.766428571428571,0.1289935499616091,0.9999999999977268,0.5687964305041663,False
2026-03-03,AAPL,198.48,200.42,197.26,197.38,1187115,192.745,192.31439999999998,180.90025000000003,194.55985012275264,193.11160915320178,2.749228599942741,7.558257894743123,0.3825551374451704,0.00010133765707331932,0.08863272847609016,204.4,-3.434442270058714,-19.218766254030996,59.41443816432407,1.4482409695508522,0.8191339889144336,0.6291069806364187,198.24345719988548,187.24654280011453,0.0570542135970892,3.1599999999999966,4.467142857142856,0.4300419240144958,0.9999999999983621,-0.029698734499331907,False
2026-03-04,AAPL,198.44,198.78,197.07,197.77,718179,193.0925,192.2906,181.1079,195.05371933463684,193.4566751418535,2.926618085958404,8.565093421058831,0.30611479392225144,0.001975884081467205,0.09078374055485017,204.4,-3.2436399217221115,-19.218766254030996,60.09334815313052,1.5970441927833292,0.9747160296882127,0.6223281630951165,198.94573617191682,187.23926382808318,0.06062624050045257,1.710000000000008,4.195000000000001,0.5459631185421977,0.9999999999992994,0.01901958290090071,False
2026-03-05,AAPL,201.47,203.56,195.67,201.38,1190798,193.637,192.267,181.31260000000003,196.02699328315424,194.0435880943088,3.392847119891114,11.511411578953428,0.510527896318502,0.01825352682408843,0.11069439082234767,204.4,-1.477495107632099,-19.218766254030996,65.7967648260861,1.9834051888454383,1.1764538615196578,0.8069513273257805,200.42269423978223,186.85130576021777,0.07008675242626389,7.890000000000015,4.435714285714288,0.9865017630179241,0.999999999998567,1.7436411838533163,False
2026-03-06,AAPL,200.69,205.27,197.86,199.81,1281026,194.02100000000002,192.25,181.5072,196.60899431651512,194.4707297169526,3.6389890151850612,13.24224105263754,0.4695348445099722,-0.007796206177376086,0.10203518835144143,204.4,-2.245596868884542,-19.218766254030996,61.66883160615791,2.1382645995625182,1.36881600912823,0.7694485904342883,201.29897803037014,186.7430219696299,0.0750225803430569,7.409999999999997,4.396428571428572,1.0026731618914249,0.9999999999997984,-1.0831816727528047,False
2026-03-09,AAPL,203.42,203.46,199.99,201.41,929453,194.44400000000002,192.23879999999997,181.70664999999997,197.3476105755128,194.9847497379191,3.9833487630920414,15.867067368426897,0.48579807990022283,0.008007607226865554,0.11085985328994452,204.4,-1.4628180039138987,-19.218766254030996,64.13809007322519,2.3628608375937006,1.5676249748213242,0.7952358627723763,202.4106975261841,186.47730247381594,0.08194336185414904,3.6500000000000057,4.246428571428573,0.7044291380412163,0.9999999999985517,0.6373498024793544,False
2026-03-10,AAPL,202.26,203.52,199.37,200.92,824401,194.922,192.1726,181.90415000000002,197.8972089485108,195.42439790548062,4.1633243296300995,17.333269473689917,0.4925257995036025,-0.0024328484186485477,0.10815729965252796,204.4,-1.7025440313111633,-19.218766254030996,62.80376708209206,2.472811043030191,1.7486621884630977,0.7241488545670933,203.2486486592602,186.5953513407398,0.08543569898995702,4.150000000000006,4.340714285714286,0.547197500739606,0.9999999999993311,-0.5535312124609371,False
2026-03-11,AAPL,199.47,200.63,196.31,200.39,1137953,195.397,192.1464,182.11990000000003,198.28071526412452,195.79222028285244,4.220636145617123,17.813769473689764,0.46755136476449055,-0.002637865817240681,0.10523412939164878,204.4,-1.9618395303326905,-19.218766254030996,61.31784411309689,2.4884949812720834,1.896628747024895,0.5918662342471883,203.83827229123423,186.95572770876575,0.08640124762646552,4.609999999999985,4.3999999999999995,0.8260142368389047,0.9999999999984677,-0.5752656232608668,False
2026-03-12,AAPL,203.3,204.12,200.21,203.55,1423678,196.0915,192.1852,182.35139999999998,199.09137445425924,196.36687063227077,4.367181766191183,19.07227657895274,0.4928918225009992,0.015769249962573006,0.12266284264519234,204.4,-0.41585127201565275,-19.218766254030996,66.41932148980072,2.7245038219884634,2.062203762017609,0.6623000599708546,204.82586353238236,187.35713646761764,0.08908457054367334,3.9099999999999966,4.544285714285713,0.8717982866178825,0.9999999999995446,1.3410023608330415,False
2026-03-13,AAPL,205.89,206.33,199.51,205.97,1126934,196.9805,192.44800000000004,182.59404999999998,200.14962453821937,197.07821354839888,4.4822333190409545,20.090415526320893,0.589860371051985,0.011888970768852758,0.13601014836467806,205.97,0.0,-19.218766254030996,69.71350149906291,3.0714109898204924,2.2640452075781856,0.8073657822423068,205.94496663808192,188.0160333619181,0.09101882306199767,6.820000000000022,4.667857142857143,0.5429072921342494,0.9999999999995984,0.8270797828007436,False
2026-03-16,AAPL,207.62,209.24,205.3,208.38,1046350,197.875,192.812,182.82109999999997,201.41583614772406,197.91538291518415,4.8857327199235066,23.870384210531146,0.71196045973645,0.01170073311647335,0.14930229992829847,208.38,0.0,-19.218766254030996,72.59653506949442,3.500453232539911,2.511326812570531,0.9891264199693803,207.64646543984702,188.10353456015298,0.09876402213364013,3.9399999999999977,4.446428571428571,0.4841772765888158,0.9999999999996217,0.8108756829235635,False
2026-03-17,AAPL,210.79,214.16,209.41,212.27,2115559,198.913,193.2656,183.0695,203.08570750961266,198.97868788442977,5.613382599692527,31.510064210530835,0.9440164053504055,0.018667818408676595,0.17075726656003432,212.27,0.0,-19.218766254030996,76.48718765960399,4.107019625182886,2.830465375093002,1.2765542500898843,210.13976519938507,187.68623480061495,0.11288116110445326,5.780000000000001,4.615000000000001,1.2594954370286573,1.000000000000139,1.434780328016411,False
2026-03-18,AAPL,213.52,214.44,209.77,212.41,1027513,200.046,193.78560000000002,183.31484999999998,204.52021404659533,199.97359989299053,5.943709102466319,35.32767789474098,0.923949029511694,0.000659537381636488,0.17152942474215327,212.41,0.0,-19.218766254030996,76.6158648011425,4.546614153604793,3.1736951307953603,1.3729190228094326,211.93341820493262,188.15858179506736,0.11884684727445317,4.6699999999999875,4.638571428571429,1.4004047945963702,0.9999999999995458,-0.5698733961457558,False
2026-03-19,AAPL,215.39,216.4,212.75,214.51,773043,201.1615,194.26080000000002,183.5708,206.05710419327295,201.05037027128753,6.464423509934448,41.7887713157932,0.9066821869612902,0.00988654018172408,0.1831117974739387,214.51,0.0,-19.218766254030996,78.51520991702097,5.006733921985415,3.540302889033371,1.4664310329520438,214.0903470198689,188.2326529801311,0.12854196275001825,3.990000000000009,4.710714285714287,1.2505278760671559,0.9999999999998648,0.49772479146322995,False
2026-03-20,AAPL,214.74,215.43,212.83,213.67,682461,202.19,194.79280000000003,183.83535,207.2283189327694,201.98515765859958,6.744608763184446,45.489747368424425,0.7888352063964783,-0.003915901356580154,0.17847884838122452,214.51,-0.3915901356580129,-19.218766254030996,75.86093775234689,5.243161274169836,3.880874566060664,1.3622867081091719,215.6792175263689,188.7007824736311,0.1334311046675789,2.5999999999999943,4.592142857142859,1.365401790737324,0.9999999999999607,-1.0052294970130542,False
2026-03-23,AAPL,215.15,219.45,212.49,214.71,1009734,203.15749999999997,195.3668,184.09195000000003,208.37934678926644,202.92773857277737,7.092195766437697,50.299240789476784,0.6751626359236279,0.004867318762577844,0.18421488059125157,214.71,0.0,-19.218766254030996,76.90206439279336,5.451608216489063,4.195021296146344,1.2565869203427198,217.34189153287537,188.97310846712458,0.13963935894934124,6.9599999999999795,4.863571428571428,1.3330346638580726,0.9999999999998566,0.010955540900527794,False
2026-03-24,AAPL,215.88,216.04,213.47,214.41,653797,204.02100000000002,195.9266,184.3382,209.30713959091776,203.77827645627534,7.3670010323420705,54.27270421052913,0.5527710150071128,-0.0013972334777141437,0.18256025591528213,214.71,-0.1397233477714179,-19.218766254030996,75.88531596326418,5.528863134642421,4.461789663845559,1.0670734707968617,218.75500206468416,189.28699793531587,0.14443613220878387,2.569999999999993,4.924999999999999,1.0853024812320864,1.0000000000000062,-0.6349009339413255,False
2026-03-25,AAPL,215.22,215.61,212.72,214.78,1607940,205.0115,196.4172,184.5769,210.14911811539196,204.59321894099568,7.41760017582665,55.02079236842355,0.43725957106967284,0.0017256657805140296,0.18460095968231105,214.78,0.0,-19.218766254030996,76.30147749676408,5.555899174396274,4.680611565955703,0.875287608440571,219.8467003516533,190.1762996483467,0.1447255432173639,2.890000000000015,4.567857142857142,1.3825778766420043,0.9999999999995624,-0.38660846765094836,False
2026-03-26,AAPL,219.36,220.58,215.95,216.64,1080856,206.167,197.0186,184.83504999999997,211.1477153284086,205.48557309351452,7.334448711030636,53.79413789473896,0.36175718549783675,0.00866002421082035,0.19485963267332096,216.64,0.0,-19.218766254030996,78.32639535164117,5.662142234894077,4.876917699743378,0.7852245351506992,220.83589742206127,191.49810257793874,0.1423011192097791,5.800000000000011,4.452857142857143,1.5639622994477282,0.9999999999997887,0.38814383002984815,False
2026-03-27,AAPL,213.91,214.98,213.3,214.28,1069706,207.1,197.51080000000002,185.06484999999998,211.6296052778842,206.13701212362454,7.105447872842783,50.48738947368603,0.2931419887135979,-0.010893648449039839,0.18184325188902895,216.64,-1.0893648449039814,-19.218766254030996,70.13758708964096,5.4925931542596516,5.000052790646633,0.4925403636130188,221.31089574568557,192.88910425431442,0.13723704244988486,3.339999999999975,4.430714285714283,2.471833891035577,0.9999999999997927,-1.84335607695613,False
2026-03-30,AAPL,222.08,224.23,218.22,220.66,1693582,208.26500000000001,198.1286,185.34244999999999,213.01889677359432,207.21278900335605,7.330979327125283,53.74325789473827,0.283545151133317,0.02977412731006157,0.21703160333131,220.66,0.0,-19.218766254030996,77.10592278458685,5.80610777023827,5.161263786564961,0.6448439836733098,222.92695865425057,193.60304134574946,0.14080098580414907,9.949999999999989,4.844999999999997,3.350099926448144,0.9999999999998783,2.390748792498079,False
2026-03-31,AAPL,217.57,222.17,216.28,217.69,1680006,209.2805,198.73680000000002,185.59815000000003,213.73752803919518,207.98887870681116,7.148222064556447,51.09707868421164,0.1889958778806638,-0.013459621136590272,0.20065081903921356,220.66,-1.3459621136590225,-19.218766254030996,69.03049380185924,5.748649332384019,5.278740895728773,0.4699084366552464,223.5769441291129,194.9840558708871,0.13662471304410015,5.889999999999986,4.936428571428569,3.083996753407975,0.9999999999999205,-1.6891160092520598,False
2026-04-01,AAPL,214.12,216.22,213.07,214.14,1399686,210.099,199.2484,185.81010000000003,213.79944680239592,208.44451732112145,6.682927108449036,44.661514736842996,0.12368439622541257,-0.016307593366714168,0.18107109370690977,220.66,-2.9547720474938863,-19.218766254030996,60.82979596771369,5.354929481274468,5.293978612837912,0.060950868436555616,223.46485421689806,196.73314578310192,0.12723386800411304,4.6200000000000045,4.987142857142855,3.0971331451611035,0.9999999999998299,-1.7117686121153355,False
2026-04-02,AAPL,218.27,218.77,216.91,217.69,854957,210.9145,199.81920000000002,186.05114999999998,214.39799344818118,209.12936788992727,6.556917981876339,42.99317342105328,0.03725038847006255,0.016577939665639363,0.20065081903921356,220.66,-1.3459621136590225,-19.218766254030996,65.27268729915016,5.268625558253916,5.288908001921113,-0.020282443667197114,224.02833596375268,197.80066403624733,0.12435215183169178,4.630000000000024,4.830714285714284,2.9924159234247902,0.9999999999998548,1.0692944128244004,False
2026-04-03,AAPL,219.19,223.62,218.5,220.17,1627204,211.93249999999998,200.4696,186.31095000000002,215.2859944561533,209.9471924906734,6.318303299062787,39.920956578947695,-0.027692139550376707,0.011392346915338303,0.21432904969389344,220.66,-0.22206108945890013,-19.218766254030996,68.00308538469143,5.338801965479917,5.298886794632874,0.03991517084704288,224.56910659812556,199.2958934018744,0.11925123893811079,5.930000000000007,4.9728571428571415,3.7527081878469026,0.9999999999999551,0.5591014556328725,False
2026-04-06,AAPL,223.81,225.96,221.24,222.17,1175263,212.9705,201.1548,186.57925,216.34507223212972,210.8525856395124,6.202854584785941,38.47540499999997,-0.09035906530436978,0.009083889721578808,0.2253598808670223,222.17,0.0,-19.218766254030996,70.0483016789544,5.492486592617325,5.337606754229765,0.15487983838756048,225.37620916957187,200.5647908304281,0.11650166731610133,5.7900000000000205,4.973571428571428,4.092565584398627,0.9999999999997964,0.35429231080573714,False
2026-04-07,AAPL,224.17,226.17,223.47,224.2,623993,214.13449999999997,201.89919999999998,186.86325,217.5535226579559,211.84128299954853,6.003603720398148,36.043257631578484,-0.1373674693529673,0.009137147229598908,0.23655617450774802,224.2,0.0,-19.218766254030996,72.00431987281871,5.712239658407384,5.412533335065289,0.2997063233420949,226.14170744079627,202.12729255920368,0.11214640742894111,4.0,4.925714285714286,4.239208045780835,0.9999999999999075,0.3116674192680721,False
2026-04-08,AAPL,225.54,226.55,223.81,224.25,1119984,215.32750000000001,202.63739999999999,187.16494999999998,218.5837499413473,212.76044722180418,5.47611548357709,29.98784078947275,-0.1831430782656817,0.00022301516503131502,0.2368319452870764,224.25,0.0,-19.218766254030996,72.0527314748864,5.823302719543108,5.494687211960853,0.32861550758225455,226.2797309671542,204.37526903284584,0.10172626317729207,2.740000000000009,4.836428571428572,3.854561486007313,0.9999999999997911,-0.4810059664744033,False
2026-04-09,AAPL,221.28,222.82,220.26,221.56,1416967,216.22799999999998,203.2858,187.45215,219.0416345657554,213.41226594611499,4.886531005033799,23.878185263156627,-0.2374531277295055,-0.011995540691192907,0.2219954773592181,224.25,-1.1995540691192856,-19.218766254030996,65.49115711512442,5.629368619640417,5.521623493496766,0.10774512614365062,226.00106201006759,206.45493798993238,0.09039589701673795,3.990000000000009,4.935714285714288,4.093755877247195,0.9999999999996727,-1.383985883782946,False
2026-04-10,AAPL,220.43,222.15,216.25,221.88,670231,217.02349999999996,203.855,187.75259999999997,219.4783061710238,214.03950550566202,4.399447662700459,19.35513973684053,-0.31603295903452605,0.0014443040259974893,0.22376041034691885,224.25,-1.0568561872909719,-19.218766254030996,65.88911125065813,5.438800665361782,5.50505892786977,-0.06625826250798816,225.82239532540086,208.22460467459905,0.08108702813659266,5.900000000000006,4.860000000000004,3.787925811058653,0.9999999999997929,-0.20127705635478613,False
2026-04-13,AAPL,219.17,220.98,218.78,219.89,1150563,217.59900000000002,204.44879999999998,188.0375,219.541643683174,214.47287546820556,3.9378753288113826,15.506862105261353,-0.4277608342118365,-0.008968811970434531,0.21278473332965553,224.25,-1.94425863991082,-19.218766254030996,61.165269905479605,5.068768214968429,5.4178007852895025,-0.34903257032107327,225.4747506576228,209.72324934237724,0.07238774679683982,3.0999999999999943,4.897857142857147,3.533547072846617,0.9999999999997773,-0.9905744539217322,False
2026-04-14,AAPL,223.49,224.87,220.56,222.96,1178128,218.1335,204.9884,188.34775,220.06754465499336,215.1015513594496,3.9018123656629236,15.2241397368401,-0.5040782406039018,0.013961526217654452,0.22971705918040852,224.25,-0.5752508361203978,-19.218766254030996,65.29858760157781,4.965993295543768,5.327439287340356,-0.36144599179658776,225.93712473132584,210.32987526867416,0.07154907184202189,4.980000000000018,5.047142857142861,4.201306010396275,0.9999999999999252,0.9904723121081295,False
2026-04-15,AAPL,222.33,224.05,218.23,222.6,948329,218.64299999999997,205.62399999999997,188.6384,220.45715316960977,215.65699199949034,3.7784570785883775,14.276737894734616,-0.5748265343825689,-0.0016146393972013007,0.22773150956924537,224.25,-0.73578595317726,-19.218766254030996,64.43255811504355,4.800161170119424,5.22198366389617,-0.4218224937767463,226.19991415717672,211.08608584282322,0.06912559887283608,5.820000000000022,5.048571428571433,4.000944302056741,0.9999999999995597,-0.34749001528210427,False
2026-04-16,AAPL,219.11,222.51,218.85,220.15,419342,218.925,206.21720000000002,188.92535,220.40989883582364,215.98980740693548,3.662447412950694,13.41352105262923,-0.7205525314013841,-0.011006289308176043,0.21421874138216257,224.25,-1.8283166109253042,-19.218766254030996,58.724402969391164,4.420091428888156,5.061605216894567,-0.641513788006411,226.2498948259014,211.60010517409862,0.06691693343292356,3.75,5.077857142857149,3.622624753605656,0.9999999999997032,-1.047535416633763,False
2026-04-17,AAPL,220.15,221.29,219.06,219.25,1142012,219.204,206.75960000000003,189.21114999999998,220.23145286108152,216.23130315456987,3.4472771864179306,11.883719999997524,-0.8285873946217068,-0.004088121735180583,0.20925486735425447,224.25,-2.229654403567447,-19.218766254030996,56.73597428293641,4.00014970651165,4.849314114817984,-0.8491644083063346,226.09855437283588,212.30944562716414,0.06290537009211392,2.2299999999999898,4.5264285714285775,3.7282175716588855,0.9999999999998123,-0.4608234421614141,False
2026-04-20,AAPL,220.8,222.32,219.66,220.59,1227822,219.498,207.31240000000003,189.49415000000002,220.28661395937667,216.5541695875647,3.2910318330750292,10.830890526313187,-0.9601996395069521,0.006111744583808365,0.21664552424025074,224.25,-1.6321070234113697,-19.218766254030996,58.963918270981885,3.7324443718119653,4.625940166216781,-0.8934957944048154,226.08006366615004,212.91593633384994,0.05997379170789756,3.069999999999993,4.325000000000007,3.8361020263308117,0.9999999999996362,0.39655849507277174,False
2026-04-21,AAPL,218.68,220.53,217.38,218.96,687856,219.7255,207.8644,189.78255000000001,220.08251950408794,216.7323792477451,3.070689062048902,9.429131315786766,-1.0324873591778845,-0.007389274219139597,0.20765539683415057,224.25,-2.3589743589743555,-19.218766254030996,55.23760253697192,3.350140256342854,4.370780184241996,-1.0206399278991416,225.8668781240978,213.5841218759022,0.05590045874600625,3.210000000000008,4.224285714285721,3.7683751362956817,0.9999999999996795,-0.7097977991775053,False
2026-04-22,AAPL,217.7,218.83,214.86,216.56,1158255,219.8145,208.37779999999998,190.05610000000001,219.54059342653593,216.71961041457877,2.942944238253749,8.660920789470937,-0.8345349137474366,-0.010960906101571077,0.19441839942639594,224.25,-3.4292084726867325,-19.218766254030996,50.20651670331705,2.8209830119571677,4.06082074978503,-1.2398377378278624,225.7003884765075,213.92861152349252,0.0535532321708303,4.099999999999994,4.186428571428577,3.427481849910845,0.9999999999990148,-0.9316812859224322,False
2026-04-23,AAPL,219.32,219.79,216.64,217.38,992262,219.8515,208.93220000000002,190.31865,219.2081944378381,216.768528161647,2.905344032531372,8.441023947365656,-0.6060069958099134,0.0037864794975988048,0.1989410402073788,224.25,-3.063545150501674,-19.218766254030996,51.82113822002012,2.4396662761911045,3.736589855066245,-1.2969235788751403,225.66218806506274,214.04081193493724,0.052860117534451655,3.2299999999999898,3.9935714285714323,3.3040914719716135,0.9999999999985408,0.29158852027061866,False
2026-04-24,AAPL,217.88,219.89,214.46,218.2,656079,220.04749999999999,209.53239999999997,190.60315000000003,219.05308760124763,216.8745631126361,2.628757711402918,6.910367105260307,-0.31671862073011553,0.0037721961541998805,0.20346368098836143,224.25,-2.697881828316616,-19.218766254030996,53.44680815402164,2.178524488611515,3.424976781775299,-1.246452293163784,225.3050154228058,214.78998457719416,0.04778527747696133,5.429999999999978,3.967857142857144,2.948696345776109,0.9999999999981318,0.2352915080688636,False
2026-04-27,AAPL,215.63,218.75,212.03,216.75,959081,219.852,210.05759999999998,190.878,218.6987664318249,216.8653362154038,2.724459579439056,7.422679999997236,0.02627800316718303,-0.006645279560036577,0.19546632838784306,224.25,-3.3444816053511706,-19.218766254030996,50.219872698509874,1.8334302164211067,3.106667468704461,-1.2732372522833542,225.30091915887812,214.4030808411219,0.049568975118517114,6.719999999999999,4.162142857142858,3.2475658781134316,0.9999999999976231,-0.5875781270508096,False
2026-04-28,AAPL,215.25,215.57,212.82,215.43,690084,219.73899999999998,210.53599999999997,191.14305000000002,218.19587928846724,216.7590150142628,2.8622348647603872,8.192388421049912,0.1059933376375675,-0.0060899653979238355,0.1881859798135781,224.25,-3.933110367892974,-19.218766254030996,47.413403692636734,1.4368642742044528,2.7727068298044593,-1.3358425556000064,225.46346972952074,214.0145302704792,0.05210244635245235,3.930000000000007,4.247142857142857,2.5012337175709565,0.9999999999981295,-0.5904807726293506,False
2026-04-29,AAPL,216.45,218.5,215.15,216.2,1078782,219.842,211.065,191.40279999999998,217.88882093639535,216.71760649468774,2.681505076199082,7.1904694736814445,0.20940179985414237,0.0035742468551269724,0.1924328498152328,224.25,-3.589743589743595,-19.218766254030996,49.196916343133694,1.1712144417076047,2.4524083521850883,-1.2811939104774837,225.2050101523982,214.47898984760184,0.04878967760844766,3.3499999999999943,4.201428571428571,3.4919348112545476,0.9999999999973201,0.34873710496947596,False
2026-04-30,AAPL,213.02,218.58,210.59,211.99,769795,219.55699999999996,211.4608,191.65515,216.98131002310373,216.36741342100717,3.1790202065544606,10.106169473681566,0.06599700116285301,-0.019472710453283915,0.16921295019579663,224.25,-5.467112597547376,-19.218766254030996,41.00769601431708,0.6138966020965597,2.0847060021673824,-1.4708094000708227,225.91504041310887,213.19895958689105,0.05791699115135396,7.990000000000009,4.350714285714285,2.8924234553345816,0.9999999999966748,-2.021019933427258,False
2026-05-01,AAPL,206.12,209.0,203.35,207.97,946504,218.94699999999997,211.7582,191.90175,215.5949546349339,215.74538279722887,4.0940137299538035,16.760948421050255,-0.4867504233762355,-0.018963158639558553,0.14704097953780737,224.25,-7.259754738015609,-19.218766254030996,35.01423179644303,-0.1504281622949577,1.6376791692749144,-1.7881073315698721,227.13502745990758,210.75897254009237,0.07479460746123585,8.640000000000015,4.746428571428573,2.1027035370242046,0.9999999999973116,-1.737088098493926,False
2026-05-04,AAPL,206.94,210.16,203.36,205.99,1927041,218.13799999999998,211.97079999999997,192.13235,214.11726930648254,215.02276184928598,4.935715806882903,24.36129052631375,-0.8970274000931726,-0.009520603933259597,0.13612045667640982,224.25,-8.142697881828312,-19.218766254030996,32.4950819332751,-0.9054925428034437,1.1290448268592428,-2.0345373696626865,228.00943161376577,208.26656838623418,0.09050629980806457,6.799999999999983,4.87642857142857,1.7364288188115926,0.9999999999983429,-0.6446196363093054,False
2026-05-05,AAPL,206.2,206.35,202.27,205.46,906263,217.20099999999996,212.1372,192.35670000000002,212.78538172086985,214.31440911970924,5.4738083538552225,29.962577894735222,-1.0396627226418915,-0.0025729404340016915,0.13319728641553064,224.25,-8.379041248606462,-19.218766254030996,31.83483354771532,-1.5290273988393892,0.5974303817195165,-2.1264577805589058,228.1486167077104,206.25338329228953,0.10080631956308156,4.079999999999984,4.752142857142853,1.8907612365919906,0.999999999998365,0.2066446194491462,False
2026-05-06,AAPL,205.58,210.77,205.23,206.42,1050516,216.30949999999999,212.3662,192.58275,211.8060922253514,213.72963807380486,5.7121066949712755,32.62816289473567,-1.0015266823644133,0.004672442324539894,0.13849208537863222,224.25,-7.950947603121522,-19.218766254030996,34.433507020409635,-1.9235458484534718,0.09323513568491881,-2.0167809841383906,227.73371338994252,204.88528661005745,0.10562840180336544,5.5400000000000205,4.879999999999997,2.0725560333642212,0.999999999999329,1.015088682829004,False
2026-05-07,AAPL,211.33,211.42,207.3,210.77,779533,215.77000000000004,212.711,192.8264,211.64669342145118,213.5104056238934,5.699640801239757,32.48590526315698,-0.8776968258481486,0.021073539385718654,0.16248414318018778,224.25,-6.011148272017833,-19.218766254030996,44.717855872357255,-1.8637122024422297,-0.2981543319405109,-1.5655578705017188,227.16928160247954,204.37071839752053,0.10566141356518054,5.0,5.077857142857141,2.7066752137863026,0.9999999999993351,2.3304516974041967,False
2026-05-08,AAPL,213.57,215.11,210.64,213.37,782933,215.3445,213.06599999999997,193.09029999999998,211.9118175104587,213.50000520730873,5.5347661720208805,30.633636578946675,-0.8572943391816517,0.01233572140247663,0.1768242237052553,224.25,-4.851727982162763,-19.218766254030996,49.78747868633378,-1.5881876968500421,-0.5561610049224172,-1.032026691927625,226.41403234404177,204.27496765595825,0.10280766255039493,4.470000000000027,5.177857142857143,3.2026464044198564,0.9999999999996494,1.3437723373696513,False
2026-05-11,AAPL,212.94,213.86,211.51,212.98,569767,214.99899999999997,213.37839999999997,193.34940000000003,212.07615327808043,213.46148630306365,5.451127261498499,29.714788421052127,-0.7294525560358729,-0.0018278108450110464,0.17467321162649507,224.25,-5.02564102564103,-19.218766254030996,49.060702853023386,-1.3853330249832254,-0.7219954089345788,-0.6633376160486466,225.90125452299696,204.09674547700297,0.1014167928501714,2.3500000000000227,5.116428571428573,2.8730884896702307,0.9999999999994131,-0.02720315595324039,False
2026-05-12,AAPL,212.92,216.11,211.35,213.0,1033525,214.50099999999998,213.69079999999997,193.605,212.21828354299114,213.42730213246634,5.131119606971989,26.328388421052384,-0.6334963885330746,9.390553103583166e-05,0.17478351993822638,224.25,-5.016722408026756,-19.218766254030996,49.10173586409695,-1.2090185894751926,-0.8194000450427016,-0.389618544432491,224.76323921394396,204.238760786056,0.09568476803319319,4.760000000000019,5.163571428571432,2.743519211824107,0.9999999999990593,0.23729490427115169,False
2026-05-13,AAPL,208.66,210.77,207.12,210.14,1136177,213.878,213.9382,193.85395,211.8985476133002,213.18379827080219,4.844428813215848,23.468490526315907,-0.5747349562898977,-0.013427230046948457,0.15900943136065204,224.25,-6.292084726867342,-19.218766254030996,43.68282645060234,-1.2852506575019902,-0.9125701675345594,-0.37268048996743075,223.56685762643167,204.1891423735683,0.09060172272446614,5.8799999999999955,5.352857142857147,2.6157094118267015,0.9999999999997743,-1.0462011200893135,False
2026-05-14,AAPL,211.54,215.36,209.94,210.17,937955,213.379,214.114,194.08175,211.632617211254,212.96055395444645,4.675426127497322,21.859609473684603,-0.45057912380843207,0.00014276196821172427,0.15917489382824912,224.25,-6.278706800445937,-19.218766254030996,43.75294851796004,-1.3279367431924527,-0.9956434826661381,-0.3322932605263146,222.72985225499463,204.02814774500536,0.08764547828038032,5.420000000000016,5.352142857142864,2.3207395596944913,0.9999999999993091,0.24213389195605964,False
2026-05-15,AAPL,210.09,210.53,207.88,209.41,880186,212.887,214.306,194.3,211.29067610183031,212.6975499578208,4.540899632637221,20.61976947368485,-0.30441577236434386,-0.0036161202835799378,0.1549831779824602,224.25,-6.617614269788184,-19.218766254030996,42.315506211152524,-1.406873855990483,-1.077889557331007,-0.328984298659476,221.96879926527444,203.80520073472556,0.08532037433262192,2.6500000000000057,5.0614285714285785,2.110558366652764,0.999999999999451,-0.1375534545678788,False
2026-05-18,AAPL,209.62,212.63,209.57,210.43,2139294,212.379,214.4864,194.5366,211.15826439385643,212.5295832942785,4.188423770848815,17.542893684211407,-0.17216011924309538,0.004870827563153712,0.16060890188075594,224.25,-6.16276477146042,-19.218766254030996,44.93047029236504,-1.371318900422068,-1.1365754259492193,-0.2347434744728487,220.75584754169762,204.00215245830236,0.07888583656291469,3.219999999999999,5.010714285714292,1.9538255976755063,0.9999999999997732,0.724532476387266,False
2026-05-19,AAPL,208.05,209.54,204.99,208.11,486141,211.83650000000003,214.6302,194.75384999999997,210.68930064095542,212.20220675396158,3.9890881097525948,15.912823947369528,-0.09422756880894524,-0.011025043957610614,0.14781313771992632,224.25,-7.1973244147157125,-19.218766254030996,40.44001435162392,-1.512906113006153,-1.2118415633606061,-0.30106454964554685,219.81467621950523,203.85832378049483,0.07532390517691899,5.439999999999998,5.160000000000006,1.4376335466640615,0.9999999999990394,-0.8501813278917699,False
2026-05-20,AAPL,208.08,210.24,207.05,209.69,531274,211.49300000000002,214.81619999999998,194.98975,210.53556208080843,212.01611736477923,3.8544562043925468,14.856832631580199,-0.0372675507375923,0.007592138772764434,0.1565274943466981,224.25,-6.492753623188406,-19.218766254030996,44.507600543730504,-1.4805552839708014,-1.2655843074826452,-0.21497097648815622,219.20191240878512,203.78408759121493,0.07289992963157263,3.1899999999999977,4.817142857142863,1.9182333355772936,0.9999999999993657,0.9088761196992264,False
2026-05-21,AAPL,215.21,216.21,213.97,214.28,1905774,211.33800000000002,215.03080000000003,195.23934999999997,211.11162945299174,212.18381237479556,3.6628283578334226,13.416311578948687,0.016775562300483233,0.021889455863417506,0.18184325188902895,224.25,-4.4459308807134885,-19.218766254030996,54.276801904941756,-1.0721829218038295,-1.2269040303468821,0.15472110854305265,218.66365671566686,204.01234328433318,0.06932645066828338,6.52000000000001,4.665714285714292,2.590303161571288,0.9999999999990703,1.9926296817217866,False
2026-05-22,AAPL,214.97,215.52,212.18,214.03,422854,211.1295,215.19199999999998,195.4741,211.56060953714683,212.3205670136996,3.357633055717006,11.273699736843518,0.056894741514015267,-0.0011666977786074506,0.1804643979923879,224.25,-4.557413600891861,-19.218766254030996,53.72206095072445,-0.7599574765527564,-1.133514719588057,0.3735572430353007,217.844766111434,204.414233888566,0.06361276952234533,3.3400000000000034,4.418571428571435,2.3088848234188415,0.9999999999992153,-0.02330438254889063,False
2026-05-25,AAPL,214.56,215.75,212.5,215.31,948851,211.05750000000003,215.3306,195.72440000000003,212.13743883912426,212.5420064941663,3.2442919509747172,10.525430263159338,0.09731602443797427,0.005980470027566298,0.18752412994319045,224.25,-3.986622073578594,-19.218766254030996,56.190911713375066,-0.40456765504202963,-0.9877253066788516,0.583157651636822,217.54608390194946,204.5689160980506,0.06148640917237648,3.25,4.359285714285723,2.242544641186161,0.9999999999994912,0.5542659247741102,False
2026-05-26,AAPL,217.54,218.02,216.09,217.46,1069789,211.15900000000002,215.43439999999998,195.97400000000002,212.9562944023359,212.9063023094132,3.415524772810997,11.665809473685613,-0.019511999755382356,0.009985602155032414,0.19938227345430426,224.25,-3.0278706800445896,-19.218766254030996,60.046485267954886,0.04999209292270734,-0.7801818267585399,0.8301739196812472,217.990049545622,204.32795045437803,0.06470052941737736,2.710000000000008,4.157142857142865,2.475034441203005,0.9999999999986109,0.828068812859039,False
2026-01-07,GOOGL,152.17,152.66,150.59,151.66,763455,156.6855,155.66719999999998,156.3998,152.84082052513165,154.71648666982816,5.539782890482344,30.689194473680914,-0.09448668726101822,0.005436223813312102,0.0754502907389023,180.18,-15.828615828615833,-18.614718614718626,43.191929482797946,-1.8756661446965097,-0.844320316458751,-1.0313458282377588,167.76506578096468,145.6059342190353,0.14142426428692745,2.069999999999993,4.480714285714291,-0.38218866508331817,0.32261713850553986,0.48364001909185,False
2026-01-08,GOOGL,152.73,152.98,150.94,152.42,376049,156.3155,155.5498,156.42645,152.77607890588064,154.54637654613717,5.5664696125430435,30.9855839473651,-0.05649152878804842,0.0050112092839245115,0.08083959722025247,180.18,-15.406815406815417,-18.614718614718626,45.01291279115226,-1.7702976402565298,-1.029515781218307,-0.7407818590382229,167.44843922508608,145.1825607749139,0.14244191043224877,2.039999999999992,4.348571428571434,-0.016278373416912847,0.3364380975205925,0.5357332118391163,False
2026-01-09,GOOGL,154.97,157.41,153.56,153.97,509285,156.0095,155.48860000000002,156.46565,152.9597590742067,154.50368198716404,5.516043085019018,30.426731315786128,-0.023314732888195744,0.010169269124786773,0.09183094596511143,180.18,-14.54656454656455,-18.614718614718626,48.62960554467492,-1.5439229129573562,-1.1323972075661168,-0.41152570539123934,167.04158617003804,144.97741382996196,0.14142838955368797,4.990000000000009,4.40428571428572,0.027109962791668184,0.337231591666556,0.8670652133795971,False
2026-01-12,GOOGL,150.52,153.23,149.41,151.27,1086911,155.54149999999998,155.365,156.4924,152.69979613971336,154.26414998811484,5.500436609464149,30.254802894733462,0.04161350834836597,-0.01753588361369085,0.07268472557084116,180.18,-16.045066045066044,-18.614718614718626,43.28840116655279,-1.5643538484014812,-1.2187885357331898,-0.3455653126682914,166.54237321892828,144.5406267810717,0.14145257978003672,4.560000000000002,4.460000000000006,-0.44481703143719675,0.36639639378159894,-1.0280271604174158,False
2026-01-13,GOOGL,153.06,154.45,152.67,153.81,647555,155.276,155.33180000000002,156.53269999999998,152.8705967336036,154.2305092482545,5.446504818398558,29.664414736838705,0.0873980669472087,0.01679116811000192,0.09069635512693242,180.18,-14.635364635364636,-18.614718614718626,48.967035248383105,-1.3599125146508868,-1.2470133315167293,-0.11289918313415748,166.1690096367971,144.3829903632029,0.14030512940566608,3.1799999999999784,4.249285714285719,-0.451030168328802,0.3662249556649127,1.2420053566990037,False
2026-01-14,GOOGL,153.48,155.15,151.99,153.67,667181,155.041,155.2396,156.57635,152.99358185151073,154.18899004468008,5.407235795428658,29.238198947364996,0.10680225125861084,-0.0009102139002666876,0.08970358814352575,180.18,-14.713064713064721,-18.614718614718626,48.677713443574454,-1.1954081931693565,-1.2366923038472548,0.04128411067789828,165.85547159085732,144.22652840914267,0.1395046676796115,3.1599999999999966,3.9850000000000034,-1.4081064809311628,0.3698792645635348,0.033189871541910304,False
2026-01-15,GOOGL,154.56,157.66,152.55,155.34,527593,154.81,155.1798,156.6311,153.3545692589706,154.27425004137044,5.283297415340528,27.91323157894391,0.05779409560659879,0.010867443222489781,0.10154588001701881,180.18,-13.78621378621379,-18.614718614718626,52.298341816339345,-0.919680782399837,-1.1732899995577712,0.2536092171579343,165.37659483068106,144.24340516931895,0.13651049455049485,5.109999999999985,3.91214285714286,-1.3142190879783464,0.3557581493933864,0.825170956422093,False
2026-01-16,GOOGL,152.85,153.78,151.33,152.78,506042,154.2955,155.0684,156.65439999999998,153.26617398835975,154.1635648531208,4.925500215045934,24.26055236841755,0.07360607704756256,-0.016479979400025768,0.08339242660615498,180.18,-15.207015207015209,-18.614718614718626,46.84290026492742,-0.8973908647610358,-1.1181101725984242,0.22071930783738836,164.14650043009186,144.44449956990815,0.12769005486345172,4.009999999999991,3.7621428571428583,-1.4763166498393996,0.3792076079921439,-0.9296672659853502,False
2026-01-19,GOOGL,147.36,150.57,144.79,149.13,912306,153.6145,154.89960000000002,156.6527,152.62983952861208,153.79070819733406,4.6276008050093,21.414689210522727,0.05995828159479486,-0.02389056159183145,0.05750957311019689,180.18,-17.232767232767237,-18.614718614718626,40.375914018154745,-1.1608686687219745,-1.1266618718231343,-0.03420679689884021,162.86970161001858,144.3592983899814,0.12049906239344058,7.990000000000009,4.037857142857145,-1.9004225971334354,0.41608779092555137,-1.3043001158401586,False
2026-01-20,GOOGL,150.83,151.46,149.78,151.1,445587,153.08700000000002,154.7616,156.6641,152.3944796011333,153.591396479013,4.2492564055368955,18.05617999999634,0.10024595840902169,0.01320995104941991,0.07147922280527563,180.18,-16.139416139416145,-18.614718614718626,44.80501729854992,-1.1969168778797155,-1.1407128730344505,-0.056204004845265,161.5855128110738,144.58848718892622,0.1110285368590905,2.3300000000000125,3.8142857142857167,-1.1439455612092004,0.43621918403060445,1.0596829414005655,False
2026-01-21,GOOGL,153.23,157.4,149.9,152.04,572388,152.6045,154.60019999999997,156.6718,152.339944277882,153.47647822130835,3.7381102388628142,13.973468157891007,0.18574830781849982,0.006221045665122382,0.07814494397957716,180.18,-15.617715617715625,-18.614718614718626,46.8344321789163,-1.1365339434263433,-1.1398770871128292,0.0033431436864859165,160.08072047772563,145.12827952227437,0.09798165162528802,7.5,4.074285714285716,-0.8133779773959239,0.44956727323246326,0.5857966918772709,False
2026-01-22,GOOGL,148.94,151.72,146.17,149.94,342545,151.9375,154.4394,156.67275,151.97072208128478,153.2145168715818,2.807240403707294,7.88059868420669,0.3229497039790419,-0.013812154696132506,0.06325343922847804,180.18,-16.783216783216787,-18.614718614718626,43.028157603161674,-1.2437947902970166,-1.1606606277496667,-0.08313416254734984,157.5519808074146,146.3230191925854,0.07390513609101892,5.8700000000000045,4.372142857142857,-0.9584370752020176,0.48216578361396223,-0.6225937098063067,False
2026-01-23,GOOGL,147.0,149.8,146.45,147.94,343586,151.352,154.27020000000002,156.64950000000002,151.35061099185634,152.8238119181313,2.286948322891236,5.230132631575037,0.4320382921509281,-0.01333866880085366,0.04907105375124088,180.18,-17.893217893217898,-18.614718614718626,39.71751494437203,-1.4732009262749557,-1.2231686874547245,-0.2500322388202312,155.92589664578247,146.77810335421754,0.060440518074190874,3.490000000000009,4.381428571428572,-1.0588940834385734,0.5370650555871863,-0.6381309283410962,False
2026-01-26,GOOGL,150.81,152.51,148.8,150.63,764449,151.1825,154.16899999999998,156.63505,151.23974776233996,152.66130733160304,2.202880590212032,4.852682894732911,0.5849164697644462,0.018183047181289602,0.06814636221812487,180.18,-16.400266400266407,-18.614718614718626,45.76213627508949,-1.4215595692630814,-1.2628468638163959,-0.15871270544668548,155.58826118042407,146.77673881957594,0.058284010125828914,4.569999999999993,4.3478571428571415,-0.7438805774394893,0.5530992531962663,1.3797481916369878,False
2026-01-27,GOOGL,148.31,148.9,145.0,147.87,499937,150.9395,154.077,156.6079,150.72132502967227,152.30639567741025,2.2895402319418294,5.241994473680245,0.7015499631545933,-0.018323043218482327,0.048574670259537545,180.18,-17.932067932067934,-18.614718614718626,41.19765022897188,-1.5850706477379788,-1.3272916206007124,-0.2577790271372664,155.51858046388367,146.36041953611635,0.06067438230395166,5.6299999999999955,4.602142857142856,-0.8480457487101565,0.567821457810172,-1.169884752372751,False
2026-01-28,GOOGL,150.8,152.54,147.31,151.79,333187,151.03549999999998,154.1016,156.59470000000002,150.88573656356886,152.26814414575026,2.2825781245628574,5.210162894732891,0.8388107191411948,0.02650977209711214,0.07637214579492246,180.18,-15.756465756465765,-18.614718614718626,48.98119680728362,-1.3824075821814006,-1.33831481291685,-0.044092769264550524,155.6006562491257,146.47034375087426,0.060451433591781026,5.22999999999999,4.829999999999998,-0.6755041480879281,0.5801026340663994,1.7111337235438038,False
2026-01-29,GOOGL,149.39,150.38,149.31,149.69,337540,151.0845,154.106,156.58965,150.70177709225058,152.07717050532432,2.2401538363519538,5.018289210522376,1.0159685704571575,-0.013834903485077987,0.061480641043823336,180.18,-16.921966921966927,-18.614718614718626,45.50607421782981,-1.3753934130737377,-1.3457305329482276,-0.029662880125510105,155.5648076727039,146.6041923272961,0.059308634210708595,2.4799999999999898,4.650714285714282,-0.9344266882164229,0.5879349506248767,-0.933088684988235,False
2026-01-30,GOOGL,152.18,156.05,150.92,151.25,348270,151.2265,154.0992,156.60545,150.7861190780582,152.01589861604103,2.1498917353393145,4.62203447368029,1.1778765549001957,0.010421537844879536,0.07254290171606859,180.18,-16.05616605616606,-18.614718614718626,48.43294183838511,-1.2297795379828358,-1.3225403339551494,0.09276079597231357,155.5262834706786,146.92671652932137,0.056865476231726844,6.360000000000014,4.779285714285712,-0.7386580765120786,0.5492576989060078,0.6060224327695909,False
2026-02-02,GOOGL,149.22,150.93,147.39,150.51,604665,151.3825,154.0642,156.63115,150.74363921989539,151.90435057040835,1.9618274912079439,3.848767105259255,1.3512173535677525,-0.0048925619834711,0.06729541908949077,180.18,-16.466866466866474,-18.614718614718626,47.13954389771199,-1.160711350512969,-1.2901745372667133,0.12946318675374435,155.30615498241588,147.4588450175841,0.0518376296126155,3.8600000000000136,4.827857142857143,-0.7380503828162173,0.4786721522260754,-0.3931122411493858,False
2026-02-03,GOOGL,151.98,152.97,150.15,151.98,698202,151.4395,154.0486,156.66234999999998,150.9338485706807,151.9099542318596,1.961796907240722,3.848647105259262,1.546478805705344,0.009766792904125854,0.07771947241526012,180.18,-15.65101565101566,-18.614718614718626,49.996241457628614,-0.9761056611788774,-1.2273607620491462,0.2512551008702688,155.36309381448146,147.51590618551856,0.05181731073440482,2.819999999999993,4.803571428571429,-0.6051027786063156,0.4199138932514683,0.6342663904176478,False
2026-02-04,GOOGL,151.49,154.06,148.09,150.73,629066,151.393,153.9658,156.66694999999999,150.90248725211444,151.8225502146848,1.9673094102823723,3.8703063157855753,1.7483624815125247,-0.008224766416633722,0.06885548149198684,180.18,-16.344766344766352,-18.614718614718626,47.63864164147091,-0.9200629625703698,-1.165901202153391,0.2458382395830212,155.32761882056474,147.45838117943526,0.05197887379951169,5.969999999999999,4.865000000000001,-1.0096481245718059,0.3671141859256185,-0.5448803414036408,False
2026-02-05,GOOGL,151.54,153.77,148.12,150.38,471076,151.291,153.88199999999998,156.6428,150.822104597943,151.71569464322667,1.9641414355752151,3.8578515789434666,1.082007073830577,-0.0023220327738339153,0.06637356403347039,180.18,-16.539016539016544,-18.614718614718626,46.97075465013283,-0.8935900452836734,-1.1114389707794474,0.21784892549577406,155.21928287115043,147.36271712884957,0.05193015937696795,5.650000000000006,4.982142857142859,-0.8108299345185903,0.19251632651992692,-0.11931537441813744,False
2026-02-06,GOOGL,150.94,153.92,149.35,150.52,453745,151.11849999999998,153.781,156.6113,150.7756269674902,151.62712466965434,1.8654963358161434,3.480076578943457,0.08257861837948956,0.0009309748636787685,0.06736633101687706,180.18,-16.461316461316457,-18.614718614718626,47.28909286754686,-0.8514977021641243,-1.059450717056383,0.2079530148922586,154.84949267163228,147.3875073283677,0.04937837090273254,4.569999999999993,4.737857142857144,-0.6085831205204225,-0.014938014552578037,0.13581614547368578,False
2026-02-09,GOOGL,147.37,150.21,145.79,148.21,959100,150.9655,153.638,156.56185,150.38091512633787,151.374004323754,1.974704441574746,3.899457631575029,0.16730578911710317,-0.015346797767738507,0.05098567579066793,180.18,-17.74336774336774,-18.614718614718626,42.730982475046034,-0.9930891974161398,-1.0461784131283345,0.053089215712194715,154.91490888314948,147.0160911168505,0.05232200579800667,4.730000000000018,4.909285714285716,-0.8045506765950389,-0.16288126047441978,-1.005939694068165,False
2026-02-10,GOOGL,149.75,152.62,148.63,149.99,473338,150.7745,153.5168,156.54319999999998,150.3207743376705,151.2714854849574,1.8668929295817664,3.4852892105223905,0.28933327134536135,0.012009985830915504,0.06360799886540902,180.18,-16.755466755466752,-18.614718614718626,46.9724678847264,-0.9507111472868814,-1.027084959960044,0.07637381267316257,154.50828585916352,147.04071414083646,0.04952808146156721,4.409999999999997,4.6885714285714295,-0.19826063873334646,-0.3166325698126898,0.9366100885142262,False
2026-02-11,GOOGL,148.39,149.38,147.69,148.82,515671,150.532,153.3998,156.525,150.0898859780289,151.08989396755317,1.78414832991934,3.18318526315397,0.30209695053557933,-0.007800520034669134,0.05531130336122514,180.18,-17.40481740481741,-18.614718614718626,44.63255066119228,-1.0000079895242777,-1.0216695658728907,0.021661576348612988,154.1002966598387,146.96370334016132,0.04740914436583177,2.3000000000000114,4.4335714285714305,-0.10979163301924925,-0.3256858395656234,-0.4450059583373873,False
2026-02-12,GOOGL,147.84,148.6,147.71,148.32,213388,150.18099999999998,153.3886,156.5135,149.8175958275629,150.88471663662332,1.4471856535308572,2.094346315785534,0.28898438233014273,-0.0033597634726515446,0.05176570699191574,180.18,-17.682317682317688,-18.614718614718626,43.63224325610048,-1.0671208090604125,-1.0307598145103951,-0.0363609945500174,153.0753713070617,147.28662869293828,0.03854510633251482,1.1099999999999852,4.263571428571429,-0.036569208685189133,-0.26262703394974035,-0.08244367112517721,False
2026-02-13,GOOGL,146.43,148.01,144.2,146.06,254594,149.84499999999997,153.3376,156.49785,149.239504161784,150.5273302190957,1.5855017469147508,2.5138157894697266,0.014238070725862195,-0.015237324703344046,0.035739611402637594,180.18,-18.936618936618938,-18.936618936618938,39.340401655597105,-1.2878260573116904,-1.0821730630706543,-0.2056529942410361,153.01600349382946,146.67399650617048,0.04232378115825672,4.1200000000000045,4.231428571428572,-0.592896273941605,-0.15805423448507028,-0.9494963375665944,False
2026-02-16,GOOGL,138.93,142.42,137.84,140.32,1092159,149.4045,153.1036,156.45525,147.86727275227878,149.77123168434787,2.6566311769837987,7.057689210522324,-1.529508401016634,-0.039298918252772874,-0.0049638349170334495,180.18,-22.12232212232213,-22.12232212232213,31.00001501480213,-1.903958932069088,-1.246530236870341,-0.6574286951987469,154.7177623539676,144.09123764603243,0.07112586774786017,8.219999999999999,4.416428571428573,-1.3382456421471056,-0.16512293878081216,-2.3630312525746637,False
2026-02-17,GOOGL,139.53,140.21,138.91,139.94,526912,148.8465,152.8166,156.41604999999998,146.64769232885126,149.04299230032208,3.3605361022808258,11.293202894732806,-1.6113665903642092,-0.0027080957810717843,-0.007658488157708532,180.18,-22.333222333222338,-22.333222333222338,30.53843127032843,-2.39529997147082,-1.4762841837904368,-0.9190157876803831,155.56757220456166,142.12542779543833,0.09030877050601345,1.4099999999999966,4.14357142857143,-1.4461187830554858,-0.22536762890733844,0.06802004829227065,False
2026-02-18,GOOGL,145.33,147.31,143.01,145.4,1030177,148.5145,152.5906,156.42665,146.45573966287415,148.77314101881674,3.356425848083069,11.26559447368015,-1.3891127080830772,0.03901672145205093,0.031059424195149177,180.18,-19.302919302919303,-22.333222333222338,43.54553557478057,-2.317401355942593,-1.6445076182208682,-0.6728937377217248,155.22735169616612,141.80164830383387,0.09039995012158579,7.3700000000000045,4.4928571428571455,-0.9470988577032146,-0.20729232917405702,2.331855025712022,False
2026-02-19,GOOGL,145.88,148.91,145.42,147.24,339948,148.3795,152.33900000000003,156.43775,146.57639509935504,148.65957501742292,3.3503660051428685,11.224952368416984,-1.2633402737444044,0.012654745529573574,0.04410721883420754,180.18,-18.28171828171828,-22.333222333222338,47.137976867834915,-2.0831799180678843,-1.7322420781902717,-0.3509378398776126,155.08023201028575,141.67876798971426,0.09031883798349162,3.509999999999991,4.2892857142857155,-0.69535261290707,-0.24406124999919315,0.7582281162718489,False
2026-02-20,GOOGL,147.65,148.83,143.73,147.24,804988,148.3445,152.082,156.4608,146.6784881609927,148.55442131242864,3.3588445303323127,11.281836578943295,-1.2171713582434975,0.0,0.04410721883420754,180.18,-18.28171828171828,-22.333222333222338,47.137976867834915,-1.8759331514359303,-1.7609802928394034,-0.11495285859652693,155.06218906066465,141.62681093933537,0.09056876474240216,5.100000000000023,4.3778571428571444,-0.8057889150641121,-0.22876960058478113,0.005317954867019655,False
2026-02-23,GOOGL,146.84,148.5,144.88,146.67,399027,148.1465,151.80280000000002,156.47815,146.67718229007076,148.41483454854503,3.3336502437064905,11.113223947364343,-1.0781746250538067,-0.003871230643846979,0.040065238973194806,180.18,-18.59806859806861,-22.333222333222338,46.084386959656754,-1.7376522584742702,-1.756314685966377,0.01866242749210678,154.81380048741298,141.47919951258703,0.09000955793640718,3.6200000000000045,4.435000000000002,-0.8480836829323658,-0.24778497141147454,-0.1581858415625245,False
2026-02-24,GOOGL,146.1,146.89,144.71,146.76,528600,148.091,151.5556,156.47195,146.68992347621372,148.29225421161576,3.3477060488444326,11.207135789469604,-1.0356656493317373,0.000613622417672266,0.04070344631967049,180.18,-18.548118548118556,-22.333222333222338,46.28852319149006,-1.6023307354020346,-1.7255178958535085,0.12318716045147382,154.78641209768887,141.39558790231115,0.0904229439694358,2.1799999999999784,4.1642857142857155,-0.9134922562554989,-0.2275322668925005,0.052483678357432444,False
2026-02-25,GOOGL,146.79,149.38,146.67,148.07,485093,147.90500000000003,151.3496,156.48275,146.9022429414116,148.27579093668126,3.2327395909899392,10.4506052631538,-1.0667187535587488,0.00892613791223762,0.049992908807260816,180.18,-17.821067821067828,-22.333222333222338,49.29769326493083,-1.3735479952696608,-1.655123915736739,0.28157592046707824,154.3704791819799,141.43952081802016,0.08742745927426215,2.710000000000008,3.954285714285715,-0.6127787166824397,-0.23395930927486475,0.6546681191269602,False
2026-02-26,GOOGL,146.97,149.19,144.58,145.39,907100,147.69,151.0582,156.50844999999998,146.66959018119442,148.06202864507526,3.2507165202048514,10.567157894732738,-1.3170096172833774,-0.018099547511312264,0.03098851226776289,180.18,-19.30846930846932,-22.333222333222338,43.88133199329968,-1.3924384638808363,-1.6025868253655586,0.21014836148472238,154.1914330404097,141.1885669595903,0.08804161473911157,4.609999999999985,3.9571428571428577,-0.29758159744344514,-0.1750023281399357,-1.0762512959862156,False
2026-02-27,GOOGL,149.85,150.51,147.2,148.0,627982,147.5275,150.7568,156.55015,146.87426861485682,148.05743393062525,3.1428312328043675,9.877388157890621,-1.3969237478700318,0.017951716074007917,0.049496525315557705,180.18,-17.85991785991786,-22.333222333222338,49.67980617539813,-1.1831653157684343,-1.5187025234461338,0.33553720767769946,153.81316246560874,141.24183753439127,0.0852134343171102,5.1200000000000045,3.9849999999999994,0.048192379152550056,-0.15865406763601103,1.185465161123542,False
2026-03-02,GOOGL,149.88,150.04,149.0,149.72,181582,147.488,150.4962,156.58805,147.31207344334038,148.18058697280117,3.1081465114820426,9.660574736837992,-1.4056586704146534,0.011621621621621614,0.06169337682598175,180.18,-16.90531690531691,-22.333222333222338,53.11766641406214,-0.8685135294607846,-1.388664724649064,0.5201511951882793,153.7042930229641,141.2717069770359,0.08429557690068473,2.039999999999992,3.815714285714285,-0.15005464847828343,-0.11267982400872831,0.727357875588736,False
2026-03-03,GOOGL,152.03,152.24,151.09,151.46,1133825,147.462,150.2924,156.6122,147.95021599051879,148.42350645629736,3.0705401547775204,9.42821684210116,-1.3892896402318329,0.011621693828479884,0.07403205219117814,180.18,-15.939615939615939,-22.333222333222338,56.36541391450791,-0.47329046577857525,-1.2055898728749663,0.7322994070963911,153.60308030955503,141.32091969044495,0.0832903434044708,2.5200000000000102,3.8314285714285705,-0.20891138747175425,-0.0010257888903182153,0.718736906839755,False
2026-03-04,GOOGL,151.99,153.23,148.64,152.55,358447,147.553,150.1096,156.65564999999998,148.65787506890052,148.7291726447198,3.196860466473501,10.219916842101172,-1.3446864251595863,0.007196619569523222,0.0817614522762724,180.18,-15.334665334665331,-22.333222333222338,58.31359538790124,-0.07129757581927265,-0.9787314134638276,0.907433837644555,153.946720932947,141.159279067053,0.08666338106235713,4.590000000000003,4.08,-0.36006311541573854,0.12684841616547332,0.39970590390453725,False
2026-03-05,GOOGL,152.18,152.89,150.76,152.64,543336,147.666,149.8968,156.69369999999998,149.27050967368507,149.01886355992573,3.3388359143800113,11.147825263153807,-1.2405225787682355,0.0005899705014746903,0.08239965962274787,180.18,-15.284715284715295,-22.333222333222338,58.47843929993267,0.2516461137593353,-0.7326559080191951,0.9843020217785304,154.34367182876002,140.98832817123997,0.09044291615889949,2.1299999999999955,3.9378571428571427,-0.7146009809405865,0.24146397449468437,-0.017348118757866852,False
2026-03-06,GOOGL,153.21,155.22,152.18,154.31,484791,147.8555,149.79,156.7452,150.04581587773353,149.41079959252383,3.606192736478113,13.004626052627499,-1.0572673474150334,0.010940775681341774,0.09424195149624115,180.18,-14.357864357864361,-22.333222333222338,61.51919329517899,0.6350162852097014,-0.4591214693734158,1.0941377545831172,155.06788547295622,140.6431145270438,0.09755992131447547,3.039999999999992,3.567857142857142,-0.5449023010280263,0.32606210364173316,0.5859725657877747,False
2026-03-09,GOOGL,156.16,156.88,152.75,155.8,765236,148.235,149.8256,156.80515,150.93107497346682,149.88407369678134,4.020977231312406,16.16825789473278,-0.719048576629379,0.009655887499190108,0.10480782867678307,180.18,-13.530913530913526,-22.333222333222338,64.04892235911922,1.047001276685478,-0.15789692016163703,1.204898196847115,156.27695446262481,140.1930455373752,0.10850277549330185,4.1299999999999955,3.762142857142856,-0.430611435799094,0.4582934808744795,0.4414216724235534,False
2026-03-10,GOOGL,155.19,157.55,154.21,154.97,776764,148.48399999999998,149.87040000000002,156.8302,151.55244805447194,150.26080897850125,4.281152574765001,18.328267368417002,-0.6662901059178133,-0.005327342747111774,0.09892213870372957,180.18,-13.991563991563996,-22.333222333222338,61.61884605433081,1.2916390759706928,0.13201027906482893,1.1596287969058638,157.04630514952999,139.92169485046998,0.1153296671631961,3.3400000000000034,3.4742857142857133,-0.35851094692439733,0.5176508741093715,-0.4462240730687988,False
2026-03-11,GOOGL,154.02,156.3,152.74,153.62,480795,148.724,149.9454,156.8658,151.87053296916855,150.50963794305673,4.432836088721265,19.650035789469644,-0.6360497839847444,-0.00871136348970769,0.08934902850659432,180.18,-14.740814740814741,-22.333222333222338,57.77896143895716,1.3608950261118196,0.3777872284742271,0.9831077976375925,157.5896721774425,139.85832782255747,0.11922315399589199,3.5600000000000023,3.4778571428571428,-0.42936976504185176,0.6170233234177971,-0.6553404525871742,False
2026-03-12,GOOGL,155.84,157.35,152.94,153.91,300091,149.0035,150.0494,156.89974999999998,152.184297127758,150.7615166139414,4.579816446562731,20.974718684206483,-0.6382826886797264,0.0018877750292929374,0.0914054744007935,180.18,-14.579864579864585,-22.333222333222338,58.37898212515432,1.4227805138165763,0.586785885542697,0.8359946282738794,158.16313289312546,139.84386710687454,0.12294520455057044,4.409999999999997,3.4285714285714266,-0.5776494614263191,0.6630989353371787,-0.005259866148627689,False
2026-03-13,GOOGL,156.63,158.26,156.38,157.75,391098,149.58800000000002,150.2362,156.94725,153.0405591081029,151.27918204994575,4.917872453986599,24.185469473680172,-0.3692228977900344,0.0249496458969527,0.11863565451708902,180.18,-12.448662448662452,-22.333222333222338,65.39235955248088,1.7613770581571657,0.8217041200655908,0.9396729380915749,159.42374490797323,139.75225509202681,0.1315044643684414,4.349999999999994,3.4807142857142828,-0.47405229469670596,0.7249619264424766,1.3020705108614616,False
2026-03-16,GOOGL,154.87,157.58,153.56,154.75,316779,150.3095,150.3834,156.96675,153.30355001454862,151.5362796758757,4.529802452994374,20.519110263153845,-0.3816173250246264,-0.019017432646592725,0.09736207630123306,180.18,-14.113664113664118,-22.333222333222338,57.272715306309074,1.7672703386729154,1.010817363787056,0.7564529748858595,159.36910490598876,141.24989509401126,0.12054600548852532,4.189999999999998,3.624285714285713,-0.7677581402264844,0.7513326295247907,-1.7534824847862478,False
2026-03-17,GOOGL,151.16,152.6,150.51,151.25,423757,150.875,150.3916,156.9674,152.9876192430796,151.515073773959,3.817034533715262,14.569752631574886,-0.37009906243473145,-0.022617124394184174,0.07254290171606792,180.18,-16.05616605616606,-22.333222333222338,49.54361169240007,1.472545469120604,1.1031629848537656,0.3693824842668383,158.50906906743052,143.24093093256948,0.101197270156494,4.240000000000009,3.733571428571427,-1.0297076967243761,0.6851327700471143,-1.7804259952451422,False
2026-03-18,GOOGL,151.29,153.79,151.08,151.69,399560,151.1895,150.3922,156.96635,152.78798551337505,151.52803127218425,3.5948478849299605,12.92293131578541,-0.3880553779068226,0.0029090909090909722,0.07566302652106027,180.18,-15.811965811965816,-22.333222333222338,50.44893492436998,1.2599542411907976,1.134521236121172,0.12543300506962551,158.37919576985993,143.9998042301401,0.09510840064766302,2.7099999999999795,3.597857142857141,-0.9831969339753688,0.6680951844760195,0.05734984041008355,False
2026-03-19,GOOGL,149.4,155.29,147.58,151.85,430130,151.42000000000002,150.3808,156.97055,152.64368004977888,151.55188080757802,3.4740451168170146,12.068989473680144,-0.4163044377260812,0.0010547827806710597,0.07679761735923929,180.18,-15.72316572316573,-22.333222333222338,50.794676483389956,1.0917992422008638,1.1259768373371104,-0.03417759513624663,158.36809023363404,144.471909766366,0.09177242416634551,7.7099999999999795,3.7828571428571394,-1.1396244199107444,0.6543218756615685,-0.045712104681516624,False
2026-03-20,GOOGL,152.32,154.29,149.46,152.31,1067979,151.6735,150.34759999999997,156.97365,152.5923446575052,151.60803778479448,3.3351813254574543,11.12343447368014,-0.4469510894231145,0.003029305235429769,0.08005956601900399,180.18,-15.467865467865469,-22.333222333222338,51.8351976213231,0.9843068727107323,1.0976428444118347,-0.11333597170110243,158.3438626509149,145.00313734908508,0.08795686327426888,4.829999999999984,3.982142857142853,-0.7127348725371891,0.6560897208207546,0.1033920466694568,False
2026-03-23,GOOGL,153.07,154.79,152.64,152.94,292925,151.98700000000002,150.381,156.9838,152.64583009481208,151.70670165258747,3.128381286493084,9.786769473680124,-0.5416019072029054,0.004136300965136952,0.08452701744433377,180.18,-15.118215118215122,-22.333222333222338,53.291989741626935,0.9391284422246144,1.0659399639743907,-0.12681152174977628,158.24376257298618,145.73023742701386,0.0823328649553733,2.4799999999999898,3.9792857142857088,-0.018492590575076327,0.6521154917032241,0.1620278055709372,False
2026-03-24,GOOGL,152.09,152.66,151.33,152.44,458127,152.27100000000002,150.3536,156.9838,152.61416392637946,151.7610200486921,2.8765767301093197,8.274693684206426,-0.5871488302971429,-0.0032692559173531643,0.0809814210750246,180.18,-15.395715395715401,-22.333222333222338,51.949040887314396,0.8531438776873586,1.0233807467169844,-0.17023686902962587,158.02415346021866,146.51784653978137,0.07556466379308786,1.6099999999999852,3.766428571428565,0.07614844343447322,0.6579429464052966,-0.42887721780184046,False
2026-03-25,GOOGL,156.02,156.24,155.93,156.1,327132,152.67249999999999,150.4022,157.0063,153.15044639924417,152.0824259710112,2.8191821789112197,7.947788157890612,-0.6186303563038749,0.024009446339543494,0.10693518649836897,180.18,-13.364413364413371,-22.333222333222338,59.91250795805755,1.068020428232984,1.0323086830201844,0.03571174521279952,158.31086435782242,147.03413564217755,0.07386221300918554,3.8000000000000114,3.88571428571428,0.8618270070997129,0.6856844435239574,1.6241199871826988,False
2026-03-26,GOOGL,151.66,154.41,150.01,152.26,215368,153.016,150.3406,157.0049,153.0134546455143,152.09557960278815,2.245269647385262,5.041235789469538,-0.7089010352570652,-0.024599615631005767,0.07970500638207345,180.18,-15.495615495615503,-22.333222333222338,50.46302161425123,0.9178750427261377,1.009421954961375,-0.09154691223523725,157.5065392947705,148.52546070522948,0.05869372215677464,6.090000000000003,4.103571428571423,0.5392492288366958,0.6749129584102825,-1.9686813771761875,False
2026-03-27,GOOGL,151.28,153.58,149.82,150.32,176505,153.132,150.29139999999998,156.99394999999998,152.59907700774286,151.9640551877668,2.0212362032848947,4.085395789469537,-0.8149711839716884,-0.012741363457244193,0.06594809246915334,180.18,-16.572316572316577,-22.333222333222338,46.474934152977276,0.6350218199760604,0.9345419279643121,-0.2995201079882517,157.1744724065698,149.0895275934302,0.05279722600853904,3.7600000000000193,4.077142857142854,0.34412700055051487,0.6359075223653441,-1.0005444239461008,False
2026-03-30,GOOGL,149.82,150.23,148.15,150.12,406880,153.152,150.31119999999999,156.96815,152.2176805450132,151.8274585071915,1.9873934264696544,3.9497326315747934,-0.7234591103533853,-0.0013304949441191871,0.06452985392142963,180.18,-16.683316683316683,-22.333222333222338,46.07070352539909,0.39022203782170095,0.8256779499357899,-0.43545591211408896,157.1267868529393,149.17721314706068,0.05190643090445183,2.1699999999999875,3.9935714285714243,0.44401482617688803,0.549569666275174,-0.1158702264478395,False
2026-03-31,GOOGL,147.56,148.63,144.83,146.33,263899,152.8955,150.2158,156.9238,151.3118835380881,151.42023935851063,2.485811262259222,6.179257631574786,-0.12556180947821002,-0.025246469491073786,0.03765423344206509,180.18,-18.786768786768782,-22.333222333222338,39.12578174920559,-0.10835582042253122,0.6388711958641258,-0.747227016286657,157.86712252451844,147.92387747548156,0.06503294766057127,5.289999999999992,4.117142857142852,-0.4255643467459759,0.39950760602846097,-1.6603945267040425,False
2026-04-01,GOOGL,145.7,146.3,144.9,145.96,403623,152.56599999999997,150.0942,156.89875,150.4885168399207,151.01577718380614,2.930926564469268,8.590330526311627,-0.09879308832702022,-0.002528531401626455,0.03503049212877629,180.18,-18.992118992118993,-22.333222333222338,38.515368752470195,-0.5272603438854446,0.4056448879142117,-0.9329052317996563,158.42785312893852,146.70414687106143,0.0768435054853447,1.4300000000000068,3.90428571428571,-0.5683330890544896,0.2610497008030264,-0.029644675135153155,False
2026-04-02,GOOGL,150.29,153.49,148.52,149.87,490474,152.4275,150.09279999999998,156.8779,150.3933604030098,150.9309047998205,2.992055929324578,8.952398684206363,-0.13162545570594367,0.026788161140038236,0.06275705573677492,180.18,-16.822066822066823,-22.333222333222338,47.785965895898926,-0.5375443968106879,0.2170070309692318,-0.7545514277799197,158.41161185864917,146.44338814135085,0.07851748350723009,7.530000000000001,4.131428571428567,-0.17464168743778657,0.18748291327137476,1.7814360240909102,False
2026-04-03,GOOGL,149.81,150.55,147.86,149.96,389040,152.21,150.1332,156.8682,150.32668957177754,150.85898592575973,3.006083305915041,9.036536842101103,-0.16370494112331185,0.0006005204510575179,0.06339526308325061,180.18,-16.77211677211677,-22.333222333222338,47.98039381667299,-0.5322963539821899,0.06714635397894746,-0.5994427079611373,158.2221666118301,146.19783338816993,0.07899831301268093,2.6899999999999977,4.0242857142857105,-0.34242470841927103,0.10471006616170508,0.12586957972272236,False
2026-04-06,GOOGL,150.59,150.67,149.72,150.55,288767,151.9475,150.1316,156.86905000000002,150.3610450222733,150.83609807940715,2.9035692644881146,8.43071447368005,-0.193121885935003,0.003934382502000622,0.06757906679903569,180.18,-16.444666444666442,-22.333222333222338,49.31288140537002,-0.4750530571338629,-0.04129352824361462,-0.4337595288902483,157.75463852897622,146.14036147102377,0.07643611811943236,0.9499999999999886,3.789285714285709,0.03283731231698232,0.021728870582238508,0.36726516209727583,False
2026-04-07,GOOGL,147.89,147.99,146.82,147.63,403900,151.5805,150.1268,156.8621,149.94088424961586,150.5986093327844,2.9646611149188113,8.78921552631165,-0.17051786123446339,-0.019395549651278765,0.04687278400226913,180.18,-18.06526806526807,-22.333222333222338,43.38918096901572,-0.6577250831685433,-0.16457983922860037,-0.4931452439399429,157.50982222983762,145.65117777016238,0.07823331140664694,3.730000000000018,3.8621428571428544,-0.6041278575663418,-0.11655325121191702,-1.0964977520649046,False
2026-04-08,GOOGL,147.23,148.64,143.48,146.24,248527,151.21149999999997,150.0158,156.8317,149.37151744198266,150.27574938220778,3.1508833765513224,9.928066052627463,-0.2176821357813628,-0.009415430468061925,0.037016026095589405,180.18,-18.836718836718834,-22.333222333222338,40.87221406573905,-0.9042319402251167,-0.31251025942790367,-0.591721680797213,157.5132667531026,144.90973324689733,0.08335036360465496,5.159999999999997,3.679999999999999,-0.7516525764481677,-0.2616446242190752,-0.4533588447572858,False
2026-04-09,GOOGL,145.77,146.53,144.15,145.42,592508,150.78699999999998,149.9304,156.82215,148.76359168167764,149.91606424278498,3.3347360031226208,11.120464210522233,-0.21526097836881122,-0.005607221006564744,0.03120124804992197,180.18,-19.2918192918193,-22.333222333222338,39.41946529360948,-1.152472561107345,-0.48050271976379194,-0.6719698413435531,157.4564720062452,144.11752799375475,0.08846216194028968,2.3799999999999955,3.5049999999999994,-1.0452481796835373,-0.4747498963979018,-0.1854198516883585,False
2026-04-10,GOOGL,145.76,149.29,143.93,144.74,184435,150.1365,149.8002,156.7717,148.14457757680415,149.53265207665277,3.16983027106569,10.047823947364385,-0.33814436604641546,-0.004676110576261716,0.026379236987661425,180.18,-19.669219669219668,-22.333222333222338,38.20668683307813,-1.3880744998486136,-0.6620170757807563,-0.7260574240678573,156.4761605421314,143.79683945786863,0.0844519559485053,5.359999999999985,3.710714285714285,-0.844504190171907,-0.6082846002709448,-0.03369140061041245,False
2026-04-13,GOOGL,146.94,150.38,145.99,147.73,312641,149.7855,149.74460000000002,156.72299999999998,148.080796411142,149.399122293197,3.0170698141000787,9.102710263153885,-0.2998338926577486,0.02065773110404856,0.0475819032761311,180.18,-18.009768009768017,-22.333222333222338,46.064353379721034,-1.3183258820550066,-0.7932788370356063,-0.5250470450194002,155.81963962820018,143.75136037179985,0.08057041073001278,5.639999999999986,3.9985714285714278,-0.05273006211224731,-0.681255455132379,1.551835128443148,False
2026-04-14,GOOGL,148.91,152.47,145.9,149.07,328351,149.67649999999998,149.6864,156.678,148.2329815786586,149.3747428640713,3.000710924535646,9.004266052627571,-0.22819414082055883,0.009070601773505826,0.057084101545880284,180.18,-17.26606726606727,-22.333222333222338,49.183089733858125,-1.1417612854126844,-0.8629753267110221,-0.27878595870166234,155.67792184907125,143.6750781509287,0.08019190519649082,6.569999999999993,4.196428571428569,-0.12707860810659477,-0.7211733626435477,0.6870300212719279,False
2026-04-15,GOOGL,147.73,150.74,146.36,146.53,304596,149.4185,149.6024,156.6208,147.97098441271112,149.1640211704364,3.040048952167537,9.241897631574938,-0.11461891160115505,-0.017038974978198063,0.039072471989789026,180.18,-18.67576867576868,-22.333222333222338,43.99059343881204,-1.193036757725281,-0.9289876129138739,-0.26404914481140707,155.49859790433507,143.33840209566492,0.08138346863788723,4.3799999999999955,4.074285714285712,-0.5388513823384077,-0.7565069998151039,-1.0587355775997491,False
2026-04-16,GOOGL,148.83,151.42,146.03,147.14,361277,149.183,149.5376,156.56285,147.8431406569094,149.01409367633,3.0241677411003147,9.14559052631178,0.006434671808810321,0.00416297004026478,0.04339809956034646,180.18,-18.337218337218346,-22.333222333222338,45.479278343645625,-1.1709530194205797,-0.9773806942152151,-0.1935723252053646,155.23133548220062,143.13466451779937,0.08108612217478704,5.389999999999986,4.1907142857142805,-0.22110415915432685,-0.7732393792440171,0.38596250529765247,False
2026-04-17,GOOGL,148.29,148.6,147.75,148.33,893377,148.98399999999998,149.4938,156.5041,147.91804209430796,148.9634200706759,2.9372712004953074,8.627562105259145,0.13934826586284504,0.008087535680304736,0.05183661891930291,180.18,-17.676767676767675,-22.333222333222338,48.36269366880981,-1.045377976367945,-0.9909801506457612,-0.05439782572218377,154.8585424009906,143.10945759900937,0.07886138647090435,1.460000000000008,4.139999999999996,0.1623209624422319,-0.7740900832241785,0.6319805587935236,False
2026-04-20,GOOGL,151.8,153.59,148.77,151.06,566717,148.89000000000001,149.5508,156.4506,148.4014202336452,149.11872228766288,2.8322094778302986,8.021410526311774,0.17129639551862064,0.018404907975460016,0.0711955750957316,180.18,-16.161616161616163,-22.333222333222338,54.329983648119025,-0.7173020540176651,-0.936244531320142,0.21894247730247685,154.55441895566062,143.2255810443394,0.07608864202647064,5.259999999999991,4.137857142857139,0.16624896885567061,-0.7396402072981207,1.2333145065348838,False
2026-04-21,GOOGL,155.5,158.0,153.01,154.91,492885,149.0135,149.6492,156.409,149.4027401976998,149.54770582191006,3.0412917529089154,9.249455526311783,0.17007962245544764,0.025486561631139937,0.09849666713941341,180.18,-14.024864024864032,-22.333222333222338,61.14869011546644,-0.1449656242102435,-0.7779887498981624,0.6330231256879189,155.09608350581783,142.93091649418216,0.08163801945216825,6.939999999999998,4.531428571428568,0.9421464638545497,-0.6766572357467203,1.4996478096742054,False
2026-04-22,GOOGL,152.05,155.13,151.47,152.5,1365438,148.83350000000002,149.7228,156.35399999999998,149.87924170574598,149.76639427954635,2.68552508831997,7.212044999995984,0.18721803074002347,-0.015557420437673497,0.08140689263934253,180.18,-15.362415362415366,-22.333222333222338,55.55691208127031,0.11284742619963595,-0.5998215146786028,0.7126689408782387,154.20455017663994,143.4624498233601,0.07217528549204212,3.6599999999999966,4.2549999999999955,0.19864185504930873,-0.6876802126994483,-0.9172141869472267,False
2026-04-23,GOOGL,149.08,150.66,148.01,150.6,525231,148.75050000000002,149.7684,156.2918,149.99012759716967,149.8281428514318,2.598285821560495,6.751089210522296,0.26122270010403087,-0.012459016393442712,0.06793362643596712,180.18,-16.416916416916425,-22.333222333222338,51.554253819520376,0.16198474573786825,-0.44746026259530863,0.6094450083331768,153.947071643121,143.55392835687903,0.0698696359759596,4.490000000000009,4.3835714285714245,0.22378409660607493,-0.6910008729066571,-0.7967728596245642,False
2026-04-24,GOOGL,147.6,149.81,147.22,147.69,369408,148.619,149.80100000000002,156.2168,149.63626181298972,149.66976189947388,2.5811684420649037,6.662430526311762,0.1014265030050024,-0.019322709163346552,0.047298255566586844,180.18,-18.031968031968038,-22.333222333222338,46.07862505241369,-0.03350008648416747,-0.3646682273730804,0.33116814088891294,153.78133688412981,143.45666311587019,0.06947075251656672,3.3799999999999955,4.557142857142854,-0.310323620567644,-0.6066493629042327,-1.2020695568921014,False
2026-04-27,GOOGL,145.41,149.13,143.86,147.19,510439,148.47250000000003,149.9384,156.14155,149.25991384176052,149.48607583284618,2.5746330857642126,6.628735526311751,0.19020596666338396,-0.003385469564628596,0.043752659197277444,180.18,-18.309468309468315,-22.333222333222338,45.190491545688715,-0.22616199108566093,-0.33696698011559656,0.11080498902993563,153.62176617152846,143.3232338284716,0.06936323119134435,5.269999999999982,4.667142857142851,-0.28350472269322663,-0.5301100633686502,-0.16273424499026806,False
2026-04-28,GOOGL,148.5,150.26,147.95,148.31,717817,148.5715,150.1058,156.05705,149.11377325072044,149.3989591044872,2.5255125066110056,6.378213421048604,0.29089128828600014,0.007609212582376568,0.05169479506453034,180.18,-17.68786768786769,-22.333222333222338,47.62566535354767,-0.2851858537667624,-0.3266107548458298,0.04142490107906738,153.622525013222,143.52047498677797,0.0679945347960008,3.069999999999993,4.517857142857137,-0.32258351135121505,-0.5054492170339571,0.4738896612869915,False
2026-04-29,GOOGL,150.43,152.86,149.9,150.68,540356,148.8075,150.21140000000003,155.97639999999998,149.35473121214807,149.49385102267334,2.4889014169215087,6.194630263153893,0.32222759054909017,0.01598004180432877,0.06850092185505652,180.18,-16.372516372516372,-22.333222333222338,52.44095271485289,-0.13911981052527267,-0.2891125659817184,0.14999275545644575,153.78530283384302,143.829697166157,0.0669025799619376,4.550000000000011,4.672857142857138,0.11022069592818617,-0.4959693947406434,0.9653510890823037,False
2026-04-30,GOOGL,149.49,151.02,148.1,150.54,387336,148.84099999999998,150.2774,155.9326,149.53708025643297,149.57134353951236,2.5083878236190293,6.292009473680211,0.36287274464490854,-0.0009291213166977563,0.06750815487164985,180.18,-16.450216450216455,-22.333222333222338,52.13601866111685,-0.0342632830793832,-0.23814270940125137,0.20387942632186817,153.85777564723804,143.82422435276192,0.06741120588061171,2.920000000000016,4.498571428571426,0.13501500148189657,-0.4713291845956647,-0.09134191903340683,False
2026-05-01,GOOGL,149.15,151.58,145.64,149.82,851622,148.834,150.329,155.8767,149.5806063708279,149.5897625365855,2.5052941837964697,6.276498947364419,0.4408309875656601,-0.0047827819848544895,0.062402496099844385,180.18,-16.849816849816857,-22.333222333222338,50.509360239537024,-0.009156165757616463,-0.1923454006725244,0.18318923491490793,153.84458836759293,143.82341163240707,0.06733123301924199,5.940000000000026,4.5200000000000005,0.03336284223866265,-0.3967577924702488,-0.35426041695892563,False
2026-05-04,GOOGL,151.81,153.84,150.11,150.22,298033,148.8175,150.4,155.8201,149.67897462146976,149.63644679313475,2.4944609690896717,6.222335526311784,0.5066085740165863,0.0026698705112802035,0.06523897319529182,180.18,-16.62781662781663,-22.333222333222338,51.416264791909676,0.04252782833501101,-0.14537075487101733,0.18789858320602834,153.80642193817934,143.82857806182065,0.06704751710221372,4.02000000000001,4.337857142857144,0.3567388165861681,-0.34961358453419916,0.1979189306821697,False
2026-05-05,GOOGL,147.73,149.8,145.71,148.3,426714,148.851,150.4308,155.75395,149.46682467970518,149.537450734384,2.482142325957919,6.161030526311787,0.6472777636465465,-0.012781254160564415,0.051623883137144055,180.18,-17.69341769341769,-22.333222333222338,46.96729007532477,-0.07062605467882577,-0.13042181483257903,0.059795760153753263,153.81528465191585,143.88671534808415,0.06670139470901569,4.509999999999991,4.347142857142858,-0.08772761422587654,-0.2591330639635437,-0.9932456685754641,False
2026-05-06,GOOGL,154.21,155.23,149.41,153.3,276671,149.204,150.53539999999998,155.7175,150.05654395975054,149.8161580873926,2.5909120523772997,6.712825263153951,0.28855965373013,0.033715441672285795,0.08707984683023717,180.18,-14.918414918414916,-22.333222333222338,57.32351578685995,0.2403858723579333,-0.056260277394476574,0.2966461497524099,154.38582410475462,144.0221758952454,0.06945958693807955,6.929999999999978,4.457142857142857,0.6306811039408547,-0.33443328708650855,2.094781489160099,False
2026-05-07,GOOGL,150.55,152.44,147.91,149.51,748043,149.4085,150.61780000000002,155.6475,149.97246027363508,149.7934797105487,2.4331294014512697,5.920118684206613,0.35310574947289786,-0.0247227658186564,0.060204226350872414,180.18,-17.021867021867028,-22.333222333222338,49.44203354449755,0.17898056308638388,-0.009212109298304488,0.18819267238468837,154.27475880290254,144.54224119709747,0.06514032070334065,5.390000000000015,4.737857142857144,0.2571018441247777,-0.3393055015178609,-1.6361189653528563,False
2026-05-08,GOOGL,150.27,150.64,148.63,149.99,375014,149.671,150.6576,155.5674,149.97515869307583,149.80803676902656,2.172160941986315,4.718283157890876,0.36696465034919,0.0032104875928031795,0.06360799886540947,180.18,-16.755466755466752,-22.333222333222338,50.37267555867198,0.16712192404926896,0.0260546973712102,0.14106722667805877,154.01532188397263,145.32667811602735,0.05805161833585184,2.009999999999991,4.505714285714286,0.5726809591546523,-0.33883641316356333,0.08182225361440103,False
2026-05-11,GOOGL,156.64,156.64,153.55,154.89,364398,150.029,150.761,155.52165,150.73128812491032,150.1844784898394,2.4121903128193165,5.818662105259352,0.513614368133601,0.032668844589639257,0.09835484328464084,180.18,-14.035964035964046,-22.333222333222338,58.72519689708245,0.5468096350709288,0.13020568491115395,0.4166039501597749,154.85338062563864,145.20461937436136,0.06431264123121049,6.649999999999977,4.484999999999999,1.8373893729018547,-0.374680083114854,1.783779653028746,False
2026-05-12,GOOGL,154.28,156.79,151.98,154.95,423486,150.323,150.8308,155.4707,151.38032072107796,150.53748008318465,2.6370080733557906,6.953811578943618,0.48686306261576223,0.0003873716831299667,0.09878031484895788,180.18,-14.002664002664012,-22.333222333222338,58.816599547380264,0.8428406378933175,0.2727326755075867,0.5701079623857308,155.59701614671158,145.04898385328843,0.07016911778918161,4.810000000000002,4.567142857142857,1.892476971516198,-0.3933628032994782,-0.0999039928116149,False
2026-05-13,GOOGL,154.55,154.74,154.22,154.53,585775,150.723,150.8704,155.42995,151.86488676398906,150.83322229924502,2.638125530710359,6.959706315785813,0.41432722072488865,-0.002710551790900184,0.0958020138987381,180.18,-14.23576423576424,-22.333222333222338,57.850846209591616,1.0316644647440398,0.4245190333548773,0.6071454313891625,155.99925106142072,145.4467489385793,0.07001255364371341,0.7299999999999898,4.298571428571427,1.2309727803383121,-0.46577087454731847,-0.33757648154884823,False
2026-05-14,GOOGL,154.29,155.53,152.03,153.7,446279,151.051,150.8916,155.4023,152.1472118772215,151.04557620300466,2.5762823071845573,6.637230526312186,0.32890823850732603,-0.00537112534782902,0.0899163239256846,180.18,-14.696414696414706,-22.333222333222338,55.897530632695776,1.1016356742168512,0.5599423615272721,0.5416933126895791,156.2035646143691,145.89843538563088,0.06822284677849352,3.5,4.307142857142856,0.9035475250537911,-0.4930033716617553,-0.4688974622298725,False
2026-05-15,GOOGL,154.32,155.83,150.99,153.31,575477,151.3,150.8716,155.3803,152.32610235764898,151.21331129907838,2.5398570204259485,6.450873684206978,0.24368520808245855,-0.0025374105400128855,0.08715075875762346,180.18,-14.912864912864915,-22.333222333222338,54.95852337059544,1.1127910585705933,0.6705121009359364,0.44227895763465697,156.37971404085192,146.2202859591481,0.06714757489559697,4.840000000000003,4.276428571428572,0.8564023965396056,-0.520771915659721,-0.26388154705495315,False
2026-05-18,GOOGL,154.99,156.78,151.71,156.7,342219,151.582,150.8896,155.36425,152.99900968724143,151.61973268433184,2.810492745708611,7.898869473680725,0.3270519247283193,0.022112060530950384,0.11118990214154056,180.18,-13.031413031413042,-22.333222333222338,61.07893727314264,1.379277002909589,0.812265081330667,0.5670119215789221,157.20298549141722,145.96101450858276,0.07416428720319339,5.069999999999993,4.4192857142857145,1.3125876045960003,-0.5561557953717869,1.215644350164834,False
2026-05-19,GOOGL,150.68,152.65,148.11,151.38,388194,151.4055,150.81779999999998,155.3093,152.74993127381964,151.60197470771467,2.69912944054904,7.285299736838574,0.2310119022454788,-0.03395022335673259,0.07346475677208941,180.18,-15.98401598401599,-22.333222333222338,49.67184227492262,1.1479565661049662,0.8794033782855268,0.2685531878194394,156.80375888109808,146.0072411189019,0.07130862328116333,8.589999999999975,4.707857142857141,0.655539483539842,-0.5406912945969318,-1.8888666888226902,False
2026-05-20,GOOGL,155.63,156.71,154.72,155.12,673361,151.5365,150.84779999999998,155.26625,153.11455723169354,151.86256917380987,2.816091496344886,7.9303713157859805,0.1301700548272948,0.024706037785704904,0.09998581761452319,180.18,-13.908313908313911,-22.333222333222338,55.90637669735612,1.2519880578836649,0.9539203142051544,0.2980677436785104,157.16868299268975,145.90431700731023,0.074334341794746,5.3300000000000125,4.879999999999997,0.9119213201310554,-0.5240015155925775,1.317607464821738,False
2026-05-21,GOOGL,152.07,152.52,151.15,151.72,579770,151.5925,150.804,155.19655,152.90000996527914,151.85200849426838,2.8076115996934763,7.882682894733362,0.11232009462402004,-0.021918514698298086,0.0758757623032198,180.18,-15.795315795315798,-22.333222333222338,49.85947767110795,1.048001471010764,0.9727365455662763,0.0752649254444876,157.20772319938695,145.97727680061305,0.0740831267956785,3.969999999999999,4.739285714285709,0.8423595196169329,-0.4851080399403044,-1.215004675298264,False
2026-05-22,GOOGL,151.02,151.89,150.19,151.13,464787,151.7645,150.6716,155.11690000000002,152.62770073985158,151.79852638358182,2.6573007178826633,7.061247105259718,0.2669611095165038,-0.003888742420247837,0.07169195858743471,180.18,-16.122766122766127,-22.333222333222338,48.87163893600877,0.8291743562697604,0.9440241077069732,-0.11484975143721277,157.07910143576532,146.44989856423467,0.0700374782741066,1.6999999999999886,4.573571428571422,0.4779795341563864,-0.42821619731510874,-0.2897936311525602,False
2026-05-25,GOOGL,149.33,150.21,147.99,150.15,320213,151.9125,150.5796,155.04055,152.24651601064363,151.67641331813132,2.4645505088195923,6.074009210522911,0.25383376131843755,-0.006484483557202325,0.06474258970358848,180.18,-16.666666666666664,-22.333222333222338,47.19889707681335,0.5701026925123074,0.8692398246680402,-0.2991371321557328,156.8416010176392,146.9833989823608,0.06489394905144999,3.1399999999999864,4.47571428571428,0.16956326066788963,-0.40102672471167483,-0.4246788976839229,False
2026-05-26,GOOGL,151.8,152.16,150.28,151.59,420800,152.07649999999998,150.5864,154.9655,152.1455135474677,151.6700123316031,2.316920085848272,5.368118684207164,0.17784923148679077,0.009590409590409577,0.07495390724719941,180.18,-15.867465867465869,-22.333222333222338,49.91176617933113,0.4755012158645968,0.7904921029073515,-0.3149908870427547,156.71034017169652,147.44265982830345,0.06094091028786873,2.009999999999991,4.124285714285709,0.13501136594047225,-0.3706902324828964,0.46299722834094686,False
2026-01-07,MSFT,345.04,345.17,341.74,344.89,571568,350.89099999999996,348.5112,407.50805,350.28302107993375,349.6391924203501,5.476922781800275,29.996683157802863,-0.12954782178484725,-0.0006374779055954294,-0.14264051507693742,532.0,-35.171052631578945,-37.774436090225564,45.09923117487857,0.6438286595836189,1.4669530848036405,-0.8231244252200216,361.84484556360053,339.9371544363994,0.062434462916407474,3.430000000000007,8.02785714285715,-1.3362869179124996,0.5208182620449753,-0.16275311730327022,False
2026-01-08,MSFT,346.94,349.96,344.28,344.69,517181,351.0485,348.3598,406.73145,349.4225562984055,349.2725855743983,5.233757103741145,27.392213420960896,-0.16733677819698586,-0.000579895038997913,-0.14313769358888206,532.0,-35.20864661654136,-37.774436090225564,44.913670306195925,0.1499707240071757,1.2035566126443475,-1.0535858886371718,361.51601420748227,340.5809857925177,0.05963571533552932,5.680000000000007,7.387857142857148,-0.9938229683153721,0.518761891738977,-0.08996901740709168,False
2026-01-09,MSFT,345.62,350.19,338.5,347.26,496610,351.17199999999997,348.1078,405.89265,349.08985532942,349.12350516147995,5.105883706172813,26.07004842096102,-0.21470606867380998,0.0074559749339986325,-0.13674894971039253,532.0,-34.725563909774436,-37.774436090225564,47.881228472586066,-0.03364983205995031,0.956115323703488,-0.9897651557634383,361.3837674123456,340.96023258765433,0.05815820972256124,11.689999999999998,7.885714285714292,-1.0067197861033226,0.4992879270577319,0.5721397124799528,False
2026-01-12,MSFT,352.4,352.66,349.4,351.62,241363,351.41099999999994,347.92659999999995,405.0802,349.4791083556631,349.30843070507404,5.00327776772,25.032788420961232,-0.3070540253626156,0.012555433968784335,-0.12591045814999768,532.0,-33.90601503759398,-37.774436090225564,52.55124359462111,0.1706776505890275,0.7990277890805959,-0.6283501384915684,361.41755553543993,341.40444446455996,0.05695072456718764,5.400000000000034,7.440000000000006,-0.5337359961636389,0.430358645189047,0.9417894650623867,False
2026-01-13,MSFT,350.44,355.85,345.16,351.54,477500,351.554,347.649,404.26945000000006,349.79616860863797,349.47373213432786,4.961813547899524,24.619593684119266,-0.4427443774795438,-0.00022751834366641077,-0.1261093295547755,532.0,-33.921052631578945,-37.774436090225564,52.45836256356548,0.32243647431010913,0.7037095261264986,-0.3812730518163895,361.477627095799,341.63037290420095,0.05645577689799587,10.689999999999998,7.292142857142859,-0.4961130599644708,0.39503190215721823,-0.05687933550660443,False
2026-01-14,MSFT,359.49,362.86,355.93,360.04,367918,352.235,347.6646,403.46745000000004,351.3721426688475,350.25641864289616,5.151143460172499,26.5342789472779,-0.498946035232319,0.024179325254594097,-0.10497924279712512,532.0,-32.32330827067669,-37.774436090225564,60.45564062303078,1.1157240259513515,0.7861124260914691,0.3296115998598823,362.537286920345,341.932713079655,0.058496667965108586,11.319999999999993,7.502142857142859,0.14723056201212784,0.3246447372482585,1.650620974427061,False
2026-01-15,MSFT,361.35,364.63,359.64,361.24,552215,352.9955,347.68619999999993,402.61365000000006,352.8902745659479,351.0700172619409,5.307254692242624,28.16695236833134,-0.5222853081480249,0.0033329630041105673,-0.10199617172545694,532.0,-32.097744360902254,-37.774436090225564,61.44176614155789,1.8202573040069865,0.9929414016745728,0.8273159023324137,363.61000938448524,342.38099061551475,0.06013963002069571,4.990000000000009,7.086428571428574,0.4209596268481901,0.2178433893012064,0.0816269441589036,False
2026-01-16,MSFT,359.98,361.25,359.21,359.85,331165,353.30949999999996,347.77520000000004,401.80584999999996,353.96100155580206,351.720386353649,5.524368480213263,30.518647105173798,-0.6337173269840497,-0.0038478573801350446,-0.10545156238347264,532.0,-32.35902255639097,-37.774436090225564,59.58812520378638,2.2406152021530374,1.2424761617702658,0.9981390403827717,364.3582369604265,342.2607630395734,0.06254423931667016,2.0400000000000205,6.777857142857146,0.3289618223998442,0.1746559745248371,-0.3799097072457504,False
2026-01-19,MSFT,352.87,356.22,352.55,352.8,412546,353.4705,347.8506,401.0195,353.7823859318325,351.8003577348602,5.456460656382271,29.772962894647645,-0.6316145174452331,-0.019591496456857094,-0.12297710492952385,532.0,-33.68421052631579,-37.774436090225564,51.157992430396384,1.9820281969722942,1.3903865688106714,0.5916416281616228,364.38342131276454,342.5575786872355,0.06174728195289012,7.300000000000011,7.015000000000002,-0.04342757393537962,0.2165418686138419,-1.5259248496707605,False
2026-01-20,MSFT,355.76,355.88,347.46,351.82,473871,353.21400000000006,347.9676,400.24685000000005,353.4804804038583,351.8018127174632,5.40461635036636,29.209877894647388,-0.23795998424651538,-0.002777777777777879,-0.12541327963805304,532.0,-33.86842105263158,-37.774436090225564,50.097010121574506,1.6786676863951016,1.4480427923275574,0.23062489406754416,364.02323270073276,342.40476729926735,0.06120500716694528,8.420000000000016,7.052857142857148,-0.014251246655546088,0.23324122219851623,-0.1730337881576978,False
2026-01-21,MSFT,351.31,356.49,348.69,350.51,265505,352.9555,347.95,399.44770000000005,353.0234834186493,351.70612288653996,5.404100270789983,29.204299736752365,0.21380966331616244,-0.0037234949690182484,-0.12866979889129093,532.0,-34.11466165413534,-37.774436090225564,48.64469766961965,1.3173605321093191,1.4219063402839098,-0.1045458081745907,363.76370054157996,342.14729945842,0.06124398425059246,7.800000000000011,7.265000000000002,0.08902975388862805,0.2509060016317175,-0.24929151986563208,False
2026-01-22,MSFT,356.24,360.56,353.6,354.96,451041,352.6105,347.9332,398.65344999999996,353.3214090465494,351.9471508208704,5.011718346972776,25.117320789383538,0.25765084932066257,0.01269578614019573,-0.11760757700052105,532.0,-33.278195488721806,-37.774436090225564,53.56884603599363,1.3742582256790001,1.412376717362928,-0.03811849168392789,362.63393669394554,342.58706330605446,0.056852740879500416,10.050000000000011,7.482857142857147,0.2586365800438454,0.2257319442987447,1.135604113514309,False
2026-01-23,MSFT,357.11,359.39,354.96,357.22,448144,352.687,347.936,397.8343,353.9211922701572,352.33773224154663,5.072507010180567,25.730327368331,0.15866054696124807,0.006366914581924954,-0.11198945981554553,532.0,-32.85338345864661,-37.774436090225564,55.882456671626166,1.5834600286105456,1.4465933796124517,0.13686664899809386,362.83201402036116,342.54198597963887,0.05752984385793151,4.430000000000007,7.479285714285721,-0.06112672124869529,0.1660688295413788,0.5324955041572694,False
2026-01-26,MSFT,352.11,352.6,351.81,352.13,595267,352.36800000000005,347.97,397.02745000000004,353.64562422859456,352.3223446680987,4.884152245559545,23.854943157804346,0.11003771614115779,-0.014248922232797834,-0.12464265294453858,532.0,-33.81015037593985,-37.774436090225564,49.856863889382545,1.3232795604958483,1.421930615789131,-0.09865105529328266,362.1363044911191,342.599695508881,0.05544376612586311,5.410000000000025,7.046428571428582,-0.4108040768487809,0.1789941817270585,-1.1440499118475176,False
2026-01-27,MSFT,354.39,355.62,351.67,353.08,265527,352.25300000000004,348.0368,396.2979,353.5586051165031,352.37846728527654,4.836343877886749,23.390222105172644,0.03794557636826191,0.002697867264930487,-0.12228105501280129,532.0,-33.631578947368425,-37.774436090225564,50.920552381129866,1.1801378312265456,1.3735720588766138,-0.19343422765006824,361.92568775577354,342.58031224422655,0.054918980140827724,3.9499999999999886,7.083571428571438,-0.6382432278570731,0.18864955024889649,0.2550433150383558,False
2026-01-28,MSFT,356.34,357.85,353.97,356.26,379049,352.602,348.1368,395.55584999999996,353.97420432934877,352.6659882271079,4.862290558326814,23.641869473594078,-0.07811728937701101,0.009006457460065675,-0.11437591667288038,532.0,-33.03383458646616,-37.774436090225564,54.40704616912414,1.3082161022408627,1.3605008675494639,-0.052284765308601155,362.3265811166536,342.87741888334637,0.05515896742873614,4.770000000000039,7.01857142857144,-0.08567272689742673,0.16773517632341245,0.7198241799311043,False
2026-01-29,MSFT,362.32,365.22,360.6,363.38,756090,353.25,348.36,394.8743,355.42124981714124,353.45961872880366,5.391033491379346,29.06324210517379,-0.01493369191532097,0.019985403918486577,-0.09667636164764848,532.0,-31.69548872180451,-37.774436090225564,61.074512705292115,1.9616310883375832,1.4807269117070878,0.48090417663049534,364.0320669827587,342.4679330172413,0.06104496522439458,8.960000000000036,6.823571428571443,0.28611078045318045,0.14089151674071562,1.5291849836569564,False
2026-01-30,MSFT,366.99,370.6,366.59,367.65,475750,353.87800000000004,348.82679999999993,394.27555,357.30259599911955,354.5107580822256,6.27563509052152,39.38359578938505,0.29301333840181304,0.011750784302933415,-0.086061600417629,532.0,-30.89285714285715,-37.774436090225564,64.43370104638862,2.7918379168939396,1.742949112744458,1.0488888041494815,366.4292701810431,341.326729818957,0.07093557769085976,7.220000000000027,6.9535714285714425,0.8170969555638858,0.14108589686223513,0.8455627728049421,False
2026-02-02,MSFT,371.04,373.83,369.97,371.38,1242571,354.8715,349.44159999999994,393.68975,359.4683504607935,355.76033155761627,7.360134634775226,54.171581842017844,0.5851833096409297,0.010145518835849465,-0.07678922116985998,532.0,-30.19172932330827,-37.774436090225564,67.10427949220283,3.7080189031772193,2.1359630708310107,1.5720558323462086,369.59176926955047,340.1512307304496,0.08296112406631945,6.180000000000007,6.631428571428586,1.4341177166588162,0.15290836647025852,0.6343236036827107,False
2026-02-03,MSFT,370.46,373.56,368.72,371.86,353150,356.209,350.06800000000004,393.08055,361.3747580822099,356.9528995903854,7.903377625714919,62.46337789465119,0.7122366820750474,0.0012924767084927513,-0.07559599274119255,532.0,-30.101503759398497,-37.774436090225564,67.44306688533126,4.42185849182448,2.5931421550297045,1.8287163367947756,372.0157552514298,340.4022447485702,0.08874989262724872,4.839999999999975,6.1685714285714415,1.6601645419205227,0.18292369720528004,-0.23897784635328093,False
2026-02-04,MSFT,373.86,374.33,364.23,373.87,464494,357.658,350.68479999999994,392.4839,363.29710299263917,358.20601813924577,8.362206080110202,69.92649052623203,0.7608965870103912,0.005405260044102578,-0.07059934869614826,532.0,-29.723684210526315,-37.774436090225564,68.88802393266569,5.091084853393397,3.092730694702443,1.9983541586909541,374.38241216022044,340.9335878397796,0.09352181223526622,10.099999999999966,6.533571428571439,1.4537563762173866,0.1544055041531118,0.12599763229123004,False
2026-02-05,MSFT,378.11,380.92,371.16,380.0,481942,359.4235,351.60799999999995,391.93084999999996,365.86677945531005,359.8203871659683,9.168766934827255,84.06628710518159,1.0073320647708142,0.01639607350148453,-0.05536082730504266,532.0,-28.57142857142857,-37.774436090225564,72.84616863537036,6.046392289341725,3.6834630136303,2.3629292757114246,377.7610338696545,341.08596613034547,0.1020385916316241,9.759999999999991,7.085000000000008,1.528930702162668,0.08257805739101283,1.070758565840704,False
2026-02-06,MSFT,373.89,376.51,370.66,373.87,408781,360.754,352.41880000000003,391.3508,367.09804415449315,360.86109922774847,9.241227646853671,85.40028842097266,0.8637244236029066,-0.016131578947368386,-0.07059934869614815,532.0,-29.723684210526315,-37.774436090225564,64.06824884244094,6.236944926744684,4.194159396253177,2.042785530491507,379.23645529370737,342.2715447062927,0.10246569847434732,9.339999999999975,7.230714285714291,1.081556265105711,0.10211431859226273,-1.705966504124945,False
2026-02-09,MSFT,372.17,374.93,368.46,372.42,565984,361.794,353.18519999999995,390.77365000000003,367.91680659226347,361.71731409976707,9.329181946419256,87.03363578939498,0.7472314616689912,-0.0038783534383608487,-0.0742038929077472,532.0,-29.996240601503754,-37.774436090225564,62.16019991497266,6.199492492496404,4.595226015501822,1.6042664769945816,380.4523638928385,343.1356361071615,0.10314357835032371,6.470000000000027,7.091428571428578,1.4263894464392894,0.12107877701267047,-0.5884961169580335,False
2026-02-10,MSFT,366.93,370.35,363.69,369.0,622959,362.66700000000003,353.8078,390.21925000000005,368.08345173191526,362.2567723145991,9.134026667238121,83.43044315781714,0.6107410752547099,-0.009183180280328718,-0.08270564546200188,532.0,-30.639097744360903,-37.774436090225564,57.78868230447609,5.826679417316143,4.841516695864687,0.9851627214514558,380.93505333447627,344.3989466655238,0.1007428485882434,8.730000000000018,7.157857142857149,1.2616592645790643,0.18025994691571548,-0.9823560934406573,False
2026-02-11,MSFT,373.9,378.16,364.9,370.96,475636,363.21299999999997,354.4068,389.69489999999996,368.5259976193129,362.90145584685104,9.293712702111938,86.37309578939677,0.45919133396582107,0.005311653116531145,-0.07783329604494371,532.0,-30.270676691729324,-37.774436090225564,59.54462643696881,5.624541772461839,4.998121711184117,0.626420061277722,381.80042540422386,344.6255745957761,0.10235000071155985,13.260000000000048,7.387142857142867,1.2821160265165168,0.3340287777265701,0.3492108213715755,False
2026-02-12,MSFT,376.97,377.7,375.46,376.95,461440,363.9985,355.0718,389.1836,369.8219979855724,363.9420887470843,9.769881362740763,95.45058184202931,0.34566722406834244,0.016147293508734117,-0.06294279961219951,532.0,-29.144736842105267,-37.774436090225564,64.41640008165209,5.879909238488096,5.174479216644913,0.705430021843183,383.5382627254815,344.45873727451846,0.10736177608139333,6.740000000000009,7.552142857142867,1.5539943700705765,0.5769041819080726,1.2402127411502626,False
2026-02-13,MSFT,374.92,378.36,367.86,374.32,431398,364.72200000000004,355.7496,388.6482,370.5139982954843,364.7108229139669,9.98002035647796,99.60080631571445,0.22114773984056602,-0.0069770526595038795,-0.06948069704427251,532.0,-29.639097744360903,-37.774436090225564,60.94607441030513,5.803175381517406,5.300218449619412,0.5029569318979936,384.68204071295594,344.76195928704414,0.10945345064435871,10.5,7.9157142857142935,1.9409553003143742,0.5751470715662069,-0.793073960387592,False
2026-02-16,MSFT,363.74,366.68,357.85,363.4,387782,365.252,356.3672,388.05185,369.4195370192559,364.61372492033973,9.587302238401163,91.91636421045196,0.13160402882463593,-0.02917290019234886,-0.09662664379645403,532.0,-31.691729323308277,-37.774436090225564,49.1146637058401,4.805812098916192,5.201337179478768,-0.3955250805625763,384.4266044768023,346.0773955231977,0.10499383700460121,16.46999999999997,8.810000000000006,1.4654267329966646,0.5940352939956592,-2.4640712941918443,False
2026-02-17,MSFT,361.64,363.48,359.75,361.7,238884,365.746,356.98040000000003,387.47585,368.2319159393704,364.397893444759,9.100978200745928,82.82780421045258,0.10665233969037041,-0.004678040726472155,-0.10085266114798408,532.0,-32.01127819548872,-37.774436090225564,47.566548077934755,3.8340224946114176,4.927874242505299,-1.093851747893881,383.94795640149187,347.5440435985081,0.09953331766576742,3.730000000000018,8.735714285714291,1.370435768814331,0.6148010938918604,-0.490585883403331,False
2026-02-18,MSFT,365.39,369.4,364.3,366.08,356393,366.5245,357.5936,386.92595,367.90085194869806,364.5224939303324,8.365288226067907,69.97804710519036,0.06842212428825731,0.012109482996958798,-0.08996445173639489,532.0,-31.18796992481203,-37.774436090225564,51.783492187277936,3.3783580183656454,4.617970997677368,-1.2396129793117225,383.2550764521358,349.79392354786415,0.09129308655839288,7.699999999999989,8.645714285714288,1.4651527608015396,0.5839172296617099,0.778189796448415,False
2026-02-19,MSFT,370.26,371.34,367.1,368.76,530802,367.2145,358.13800000000003,386.45265,368.0330285719753,364.8363832688263,7.918401935394181,62.70108921045431,0.05483486259909835,0.007320804195804165,-0.08330225967633575,532.0,-30.68421052631579,-37.774436090225564,54.21012581667645,3.196645303149012,4.333705858771697,-1.1370605556226847,383.05130387078833,351.37769612921164,0.08625369570530764,5.259999999999991,8.505714285714285,2.276282194199947,0.6614409261942029,0.42735357674180857,False
2026-02-20,MSFT,372.2,379.99,368.24,370.94,795160,367.9005,358.661,385.98385,368.4802549455176,365.28850302669105,7.594659117115922,57.678847105192006,0.00014468088581554177,0.005911704089380576,-0.07788301389613839,532.0,-30.274436090225564,-37.774436090225564,56.14364027048421,3.191751918826526,4.1053150707826624,-0.9135631519561365,383.08981823423187,352.7111817657682,0.08257296869252337,11.75,8.903571428571427,2.438469492328904,0.6521327719624447,0.31655738118113336,False
2026-02-23,MSFT,369.0,373.17,368.8,369.83,521900,368.7855,359.1207999999999,385.46605000000005,368.68790803082254,365.6249102098991,6.630265117342265,43.96041552624564,-0.11388698356401653,-0.002992397692349158,-0.08064235463743152,532.0,-30.483082706766922,-37.774436090225564,54.87309942131236,3.0629978209234423,3.8968516208108186,-0.8338537998873763,382.04603023468457,355.52496976531546,0.07191459661339479,4.3700000000000045,8.870000000000001,2.3192376523897464,0.6157707174001037,-0.4613783740825603,False
2026-02-24,MSFT,362.37,364.67,361.09,364.1,577532,369.3365,359.4292,384.96195,367.9820760260806,365.5119538980547,5.64039497963097,31.814055526246246,-0.1600544342646594,-0.015493605169942803,-0.09488651900464751,532.0,-31.560150375939845,-37.774436090225564,48.741129949779825,2.4701221280259347,3.6115057222538423,-1.1413835942279076,380.61728995926194,358.05571004073806,0.06108678649016243,8.740000000000009,8.772857142857147,1.7141054658378925,0.5082568544722804,-1.3561356109177478,False
2026-02-25,MSFT,367.48,368.42,365.02,366.66,407095,369.8565,359.834,384.48654999999997,367.77867971437587,365.59699435005064,4.786097492786509,22.906729210457307,-0.24040163527064792,0.007031035429827082,-0.08852263405175509,532.0,-31.07894736842105,-37.774436090225564,51.35651251008507,2.181685364325233,3.3255416506681206,-1.1438562863428876,379.428694985573,360.284305014427,0.05176166965065095,4.319999999999993,8.384285714285719,1.6680955437264227,0.49820750141228276,0.4391207208291837,False
2026-02-26,MSFT,361.1,368.73,361.05,363.02,456992,369.8385,360.1738,383.98220000000003,367.0465751429334,365.4061058796765,4.812341890765369,23.158634473615205,-0.26236238260878425,-0.009927453226422411,-0.09757128296914896,532.0,-31.763157894736842,-37.774436090225564,47.63484911646423,1.6404692632569322,2.988527173185883,-1.3480579099289507,379.46318378153074,360.2138162184693,0.05204803600236716,7.680000000000007,8.265714285714292,1.2764286789621468,0.4798082026686842,-0.8278332531610956,False
2026-02-27,MSFT,371.81,383.0,368.27,373.34,421183,370.123,360.5692000000001,383.49129999999997,368.0147943517129,365.9938017404412,4.844238140082088,23.46664315782597,-0.3822662971785789,0.02842818577488848,-0.0719168717528017,532.0,-29.823308270676698,-37.774436090225564,57.12205859551593,2.0209926112717085,2.795020260803048,-0.7740276495313396,379.8114762801642,360.4345237198358,0.05235273830680177,19.980000000000018,9.23071428571429,2.0256858738230314,0.4990259232878356,2.0617754211632295,False
2026-03-02,MSFT,376.91,378.91,373.05,376.22,1030347,370.36499999999995,361.102,383.0269,369.2771336822186,366.7512979078159,5.027756117681012,25.27833157887884,-0.49144273580988873,0.007714147961643603,-0.0647575011807977,532.0,-29.281954887218042,-37.774436090225564,59.33618168482917,2.525835774402708,2.74118336352298,-0.21534758912027208,380.42051223536197,360.30948776463794,0.05430055342897962,5.860000000000014,9.02571428571429,2.7595247997670302,0.5330410209954402,0.5251446711856816,False
2026-03-03,MSFT,374.51,377.99,372.83,373.67,565517,370.4555,361.4364,382.5689,369.9529592695696,367.2637943590888,5.0721763988434185,25.72697342098419,-0.6057171992558482,-0.006777949072351297,-0.07109652720809279,532.0,-29.761278195488718,-37.774436090225564,56.55169077529144,2.6891649104807698,2.7307796729145384,-0.041614762433768604,380.5998527976868,360.3111472023131,0.054766916931652254,5.160000000000025,8.447142857142861,2.7039095361137,0.511484147831761,-0.5302898120819417,False
2026-03-04,MSFT,374.38,378.96,367.06,371.0,537309,370.312,361.7428,382.15340000000003,370.1140424588666,367.54055033248966,5.010716515622434,25.107279999931425,-0.6476006767933936,-0.00714534214681406,-0.0777338603425547,532.0,-30.263157894736842,-37.774436090225564,53.70962519729615,2.573492126376948,2.6993221636070204,-0.12583003723007247,380.3334330312449,360.2905669687551,0.05412426835341494,11.899999999999977,8.815714285714288,2.271459743457207,0.48355501358812686,-0.5092231812124691,False
2026-03-05,MSFT,372.13,372.46,368.0,370.76,675165,369.85,361.92079999999993,381.73254999999995,370.2134205421179,367.7790280856386,4.466912273941464,19.953305263088897,-0.7786604063636235,-0.0006469002695418391,-0.07833047455688846,532.0,-30.308270676691727,-37.774436090225564,53.44959869555055,2.4343924564793156,2.6463362221814792,-0.21194376570216367,378.78382454788294,360.9161754521171,0.04831052885160427,4.4599999999999795,8.384285714285713,1.893304991796121,0.43987316128659343,0.03924777770071135,False
2026-03-06,MSFT,370.9,374.07,369.79,369.83,393341,369.648,362.2036,381.24655,370.15443276640747,367.9309519311468,4.36575621952851,19.059827368351872,-0.9315266938982141,-0.0025083612040134318,-0.08064235463743141,532.0,-30.483082706766922,-37.774436090225564,52.3911261079425,2.223480835260659,2.5617651447973158,-0.33828430953665656,378.37951243905707,360.916487560943,0.047242308569542056,4.279999999999973,7.513571428571429,1.6349133018661952,0.38329611727840024,-0.16470381289009647,False
2026-03-09,MSFT,372.68,377.98,371.28,375.26,339778,369.79,362.53860000000003,380.7783,370.9399046484986,368.4738443806915,4.504640881759072,20.29178947361515,-0.8770631651666534,0.014682421653192002,-0.06714395803813245,532.0,-29.462406015037594,-37.774436090225564,57.6629114658688,2.4660602678071086,2.5426241693992746,-0.07656390159216597,378.79928176351814,360.7807182364819,0.04872647591074998,8.150000000000034,7.8292857142857155,1.8102789195600215,0.35584736835355024,1.1118655113994458,False
2026-03-10,MSFT,375.45,377.89,370.52,376.34,360515,370.15700000000004,362.95779999999996,380.31489999999997,371.7706885487296,369.05652257471434,4.730242121313352,22.37519052624704,-0.5913779421660584,0.002878004583488636,-0.0644591940736311,532.0,-29.259398496240607,-37.774436090225564,58.64379865122978,2.714165974015259,2.5769325303224715,0.13723344369278756,379.61748424262674,360.69651575737333,0.05111606287400592,7.3700000000000045,7.805714285714288,1.758782195052721,0.3014916368293804,0.144250624066675,False
2026-03-11,MSFT,371.21,374.44,368.78,373.08,260813,370.26300000000003,363.4338,379.82445,371.97212107969426,369.35455793955026,4.772746202734942,22.779106315720814,-0.2683339360486013,-0.008662379762980232,-0.07256320381832992,532.0,-29.87218045112782,-37.774436090225564,54.5364333328771,2.617563140144,2.5850586522867776,0.032504487857222486,379.8084924054699,360.71750759453016,0.05156060640933537,7.560000000000002,7.970000000000003,1.7074705775728587,0.2036311404253758,-0.7085436759288924,False
2026-03-12,MSFT,385.68,389.9,379.64,382.27,557563,370.529,364.0708,379.37909999999994,373.5564101443567,370.3112573514354,5.28573044296822,27.938946315721022,-0.01756132867262393,0.024632786533719253,-0.049717851194470364,532.0,-28.144736842105267,-37.774436090225564,62.508283944603924,3.2451527929212602,2.717077480413674,0.5280753125075863,381.10046088593646,359.95753911406354,0.05706144936529373,16.819999999999993,8.332142857142859,2.201962500028166,0.2883614886681739,1.777807106981739,False
2026-03-13,MSFT,383.41,387.43,379.94,382.7,773906,370.948,364.62299999999993,378.9587,374.96311627599414,371.22894199206985,5.898663184854088,34.79422736835296,0.0731354617382497,0.0011248593925758943,-0.04864891739378929,532.0,-28.06390977443609,-37.774436090225564,62.83664241188986,3.7341742839242897,2.920496841115797,0.8136774428084927,382.74532636970815,359.1506736302918,0.06360636191438247,7.490000000000009,8.555000000000003,1.8060137682722648,0.40717248031925757,-0.005007815567860512,False
2026-03-16,MSFT,385.69,391.18,383.23,386.63,837910,372.10949999999997,365.3254,378.5324,376.7580214643027,372.3697611037684,6.581719080344017,43.319026052564496,0.364669301749214,0.010269140318787562,-0.03887935963407563,532.0,-27.325187969924812,-37.774436090225564,65.78598811460354,4.388260360534332,3.2140495449995043,1.1742108155348276,385.272938160688,358.94606183931194,0.07075034719988622,8.480000000000018,8.536428571428575,2.2829744092033195,0.5371622606674064,0.6273241675938764,False
2026-03-17,MSFT,388.26,392.32,381.51,383.88,424404,373.2185,366.1008,378.0844,377.8537104697946,373.22237139237814,6.604029292384366,43.613202894670756,0.3326965278828825,-0.007112743449809944,-0.04571556417331546,532.0,-27.842105263157897,-37.774436090225564,62.07368772958108,4.631339077416442,3.4975074514828917,1.1338316259335501,386.4265585847687,360.0104414152313,0.0707792276361901,10.810000000000002,9.000000000000004,1.7012773800167558,0.6070799455157043,-0.888546314724395,False
2026-03-18,MSFT,387.17,392.17,381.54,385.83,366595,374.206,366.9196,377.6444,379.08083193598003,374.1562698077575,6.94807614417099,48.27576210519802,0.357748165035239,0.005079712410128057,-0.04086807368185463,532.0,-27.475563909774436,-37.774436090225564,63.64049047961826,4.924562128222533,3.7829183868308203,1.1416437413917127,388.102152288342,360.30984771165805,0.07427006669236712,10.629999999999995,9.210714285714289,1.893255931329639,0.6799114631274247,0.2125591418690651,False
2026-03-19,MSFT,387.68,389.88,385.3,387.55,753980,375.14549999999997,367.7768,377.24075000000005,380.38378086890623,375.1483979701458,7.426799604698979,55.15735236835691,0.464958325084564,0.00445792188269456,-0.036592338479130015,532.0,-27.152255639097746,-37.774436090225564,65.01343665708151,5.235382898760406,4.073411289216738,1.1619716095436683,389.9990992093979,360.291900790602,0.07918847065684084,4.579999999999984,8.110714285714286,1.6318187318306812,0.7836142802909458,0.17064645905855674,False
2026-03-20,MSFT,379.63,385.03,377.24,378.63,307307,375.53,368.4042,376.7525,380.11396842753607,375.4062944168017,7.396615157584577,54.70991578940992,0.3960128513475008,-0.02301638498258296,-0.05876650011186435,532.0,-28.828947368421055,-37.774436090225564,53.69060856771289,4.707674010734365,4.200263833520263,0.5074101772141022,390.3232303151691,360.73676968483085,0.07878587764050343,10.310000000000002,8.428571428571429,1.4753951133290113,0.7806724168969011,-1.9249009135709718,False
2026-03-23,MSFT,390.9,392.97,385.44,388.56,938330,376.4665,369.14300000000003,376.29259999999994,381.4133579002228,376.3806429785201,7.811053756658631,61.01256078941091,0.376881781708517,0.02622613105142224,-0.034081586993809254,532.0,-26.962406015037594,-37.774436090225564,61.689635383604035,5.032714921702734,4.366754051156757,0.6659608705459767,392.08860751331724,360.84439248668275,0.08299334742038002,14.340000000000032,9.084285714285715,1.8185802477584347,0.8119972588622534,1.7301776281900936,False
2026-03-24,MSFT,395.93,401.15,391.94,395.14,848700,378.0185,370.015,375.88105,383.5251489924962,377.77022498011115,8.293414809984196,68.78072921046518,0.5152682400735193,0.016934321597694035,-0.017724413950828133,532.0,-25.72556390977444,-37.774436090225564,65.8936537450704,5.754924012385061,4.644388043402419,1.1105359689826422,394.6053296199684,361.4316703800316,0.08775670830908222,12.589999999999975,9.133571428571429,2.3508636063703956,0.8289050268390966,0.9556914251446617,False
2026-03-25,MSFT,393.07,393.64,390.44,393.37,660592,379.354,370.68159999999995,375.42910000000006,385.03974145518913,378.9257638704733,8.515668778010474,72.51661473678239,0.4652883526069331,-0.0044794250139190694,-0.022124443781538772,532.0,-26.05827067669173,-37.774436090225564,63.863481141723604,6.113977584715826,4.9383059516651,1.175671633050726,396.38533755602094,362.322662443979,0.08979126386446938,4.699999999999989,9.150714285714287,2.667802341659701,0.8483414107146974,-0.6007758012924069,False
2026-03-26,MSFT,388.62,389.33,387.07,388.14,704696,380.61,371.21960000000007,374.9649,385.5167043082369,379.6082998800679,7.802358617747682,60.87679999994152,0.3838310860738928,-0.013295370770521453,-0.0351256618688931,532.0,-27.04135338345865,-37.774436090225564,58.161352912809804,5.908404428169035,5.132325646965888,0.7760787812031475,396.21471723549536,365.00528276450467,0.08199846160371689,6.300000000000011,9.295000000000003,2.2803919318800654,0.8874357818806218,-1.2251897339826812,False
2026-03-27,MSFT,391.0,391.89,386.33,390.05,474847,381.4455,371.8236,374.5326,386.214134414662,380.381759148211,7.877211285189788,62.05045763152136,0.28290862968026603,0.004920904828154882,-0.030377607079820956,532.0,-26.68233082706767,-37.774436090225564,59.58070293771421,5.832375266450981,5.272335570862907,0.560039695588074,397.19992257037956,365.6910774296204,0.08260379304713032,5.560000000000002,9.110000000000001,2.1155810136694404,0.9215210075141969,0.21526992315886234,False
2026-03-30,MSFT,389.21,393.29,385.84,390.68,448381,382.16850000000005,372.5812,374.12489999999997,386.90119065856015,381.14459180389906,8.034380908252396,64.55127657889061,0.1856572893086775,0.0016151775413408842,-0.028811494767195023,532.0,-26.56390977443609,-37.774436090225564,60.061974644699795,5.7565988546610924,5.369188227622544,0.3874106270385482,398.2372618165048,366.0997381834953,0.08409254983864328,7.4500000000000455,9.11571428571429,2.3856627549190077,0.9188231354274958,-0.02799202347689422,False
2026-03-31,MSFT,394.77,397.56,391.98,392.63,384495,383.1165,373.3974,373.77785000000006,387.7825459418586,381.995362781388,8.097168624697549,65.5641397367864,0.15113166184775442,0.004991297225350744,-0.023964004275733974,532.0,-26.19736842105263,-37.774436090225564,61.58659976566691,5.78718316047059,5.452787214192154,0.3343959462784367,399.3108372493951,366.92216275060485,0.08454001458770437,6.8799999999999955,9.06714285714286,2.956213462521829,0.9204189116583841,0.20170294942025696,False
2026-04-01,MSFT,393.33,399.03,392.57,393.78,462721,384.25550000000004,374.26279999999997,373.4216,388.70523118157263,382.86829887165555,7.902940475407894,62.45646815784034,0.06044350271711732,0.0029289662022768947,-0.02110522783205193,532.0,-25.9812030075188,-37.774436090225564,62.49589149680287,5.836932309917074,5.529616233337138,0.3073160765799363,400.0613809508158,368.44961904918426,0.08226755869891661,6.4599999999999795,8.32714285714286,3.0367099835227314,0.9164042334167934,-0.010255110765791473,False
2026-04-02,MSFT,397.45,398.23,392.32,396.51,771461,385.543,375.0938,373.13085,389.9059648459461,383.87879525153295,7.68307785090748,59.02968526310511,-0.013470017199689805,0.00693280511961003,-0.014318741144006442,532.0,-25.468045112781958,-37.774436090225564,64.63597941508556,6.027169594413124,5.629126905552335,0.3980426888607891,400.90915570181494,370.1768442981851,0.07971176082468068,5.910000000000025,8.214285714285719,3.2009664573833394,0.9186344852301852,0.29443044338010915,False
2026-04-03,MSFT,404.39,405.1,403.98,404.01,406467,387.252,376.0296000000001,372.91135,392.0758164081082,385.36999560327126,7.804459319075687,60.90958526310734,0.07905995047161066,0.018915033668760017,0.004325453053920514,532.0,-24.05827067669173,-37.774436090225564,69.74394909491372,6.7058208048369465,5.844465685409258,0.8613551194276887,402.86091863815136,371.64308136184866,0.08061375351528902,8.590000000000032,8.222142857142861,3.405714098316439,0.921332506425264,1.1726222974873133,False
2026-04-06,MSFT,407.52,409.22,400.85,407.13,403067,388.8455,377.1296,372.76415000000003,394.39184465301463,386.98184778080673,8.453663469323997,71.46442605258305,0.16791619646189923,0.007722581124229633,0.012081437840258058,532.0,-23.471804511278197,-37.774436090225564,71.58279783656486,7.409996872207898,6.1575719227689865,1.252424949438912,405.752826938648,371.938173061352,0.08696166955074958,8.370000000000005,8.047857142857149,3.314188043138301,0.9224053756781779,0.29534985782132533,False
2026-04-07,MSFT,401.53,402.89,397.3,401.98,367201,390.12749999999994,378.10759999999993,372.59245000000004,395.5592531679354,388.09282201926544,8.40138201350202,70.58321973679526,0.14887223818287149,-0.012649522265615332,-0.0007209088423182353,532.0,-24.439849624060148,-37.774436090225564,64.60327666474913,7.466431148669983,6.4193437679491865,1.0470873807207965,406.930264027004,373.3247359729959,0.08613985954337523,9.829999999999984,7.99071428571429,3.0033714176540354,0.9275551619854774,-1.2662169655107056,False
2026-04-08,MSFT,408.26,411.01,405.37,409.16,435168,391.9315,379.1656,372.45964999999995,397.6516757574838,389.6533537215421,8.42181270336035,70.92692921048179,0.21852554710587413,0.017861585153490234,0.017127799736496918,532.0,-23.09022556390977,-37.774436090225564,69.12338225279052,7.998322035941726,6.735139421547695,1.2631826143940312,408.77512540672075,375.0878745932793,0.08595188397319796,9.029999999999973,8.308571428571431,2.9059105632198508,0.9263250336368934,1.0346085362332311,False
2026-04-09,MSFT,419.34,423.22,416.34,417.92,253115,393.71400000000006,380.2564,372.37844999999993,400.76987948710166,391.7471793717982,9.910449243625841,98.21700421048402,0.5760866805968035,0.02140971746993836,0.038904218559675297,532.0,-21.443609022556387,-37.774436090225564,73.55964399793322,9.02270011530345,7.192651560298847,1.8300485550046037,413.5348984872517,373.8931015127484,0.1006867852667249,14.060000000000002,8.576428571428576,3.2352346970560855,0.8966190691238393,1.3526100987049847,False
2026-04-10,MSFT,433.99,436.34,427.57,435.07,447952,396.3325,381.6048,372.41025,406.04682110447067,394.95627719610945,13.214829737834718,174.6317249999608,1.1269502167882934,0.04103656202143946,0.08153727595893456,532.0,-18.21992481203008,-37.774436090225564,79.70689172525256,11.090543908361212,7.97223002991132,3.118313878449892,422.7621594756694,369.90284052433054,0.1333711440554052,18.41999999999996,8.867857142857142,3.9036243686533982,0.8406532082271361,2.3216722639532046,False
2026-04-13,MSFT,425.01,436.74,424.88,429.18,639135,398.46000000000004,382.7608,372.44289999999995,409.60577170378286,397.4913677741754,14.88958908626622,221.69986315785815,1.0538408676063935,-0.013538051348058855,0.06689536878216273,532.0,-19.32706766917293,-37.774436090225564,73.3955860736196,12.114403929607477,8.800664809850552,3.3137391197569244,428.2391781725325,368.6808218274676,0.14947135558165162,11.860000000000014,8.815714285714288,4.072318448689603,0.8195244240282513,-1.2195488910787806,False
2026-04-14,MSFT,431.43,432.06,426.3,430.71,402933,400.80150000000003,383.9378,372.4697,412.85257605704703,399.9520071983105,16.108400970986274,259.4805818420715,0.9654419430612882,0.0035649377883404387,0.0706987843985396,532.0,-19.03947368421053,-37.774436090225564,73.97211751446629,12.900568858736506,9.620645619627744,3.2799232391087614,433.0183019419726,368.58469805802747,0.16076188308662798,5.759999999999991,8.891428571428573,4.208599954884133,0.8172856661946316,-0.15222021333123117,False
2026-04-15,MSFT,421.44,427.48,416.43,419.78,242691,402.499,384.856,372.4555,413.9183335867321,401.4207474058431,16.235987610372792,263.6072936841788,0.8420217249448158,-0.025376703582456916,0.043527978720760974,532.0,-21.09398496240602,-37.774436090225564,63.40187782306168,12.497586180889016,10.19603373188,2.301552449009016,434.97097522074563,370.0270247792544,0.16135183054241428,14.279999999999973,9.46142857142857,3.6328522493252438,0.8166152668591076,-1.7756014874140154,False
2026-04-16,MSFT,422.42,423.11,422.0,422.93,512531,404.26800000000003,385.7146,372.4475,415.3047438041579,403.01402537578065,16.44753144171752,270.52129052628635,0.7423284546702343,0.007503930630330169,0.05135854028389031,532.0,-20.501879699248118,-37.774436090225564,64.95606981275287,12.29071842837726,10.614970671179453,1.6757477571978079,437.1630628834351,371.37293711656497,0.16273889045600967,3.330000000000041,9.302142857142858,3.543439820755948,0.8017709669444857,0.17859798418629214,False
2026-04-17,MSFT,418.52,420.94,412.97,420.24,862555,406.3485,386.642,372.44849999999997,416.06401398813364,404.29002349609317,15.645972501774667,244.796455526289,0.6770411012689156,-0.0063603906083748996,0.044671489298233835,532.0,-21.007518796992482,-37.774436090225564,62.51458717170309,11.773990492040468,10.846774635351657,0.9272158566888109,437.64044500354936,375.05655499645064,0.15401530953626927,9.95999999999998,9.481428571428568,3.282761328206092,0.7816215599340438,-0.7453696939907184,False
2026-04-20,MSFT,430.19,432.63,424.16,430.77,304207,408.45899999999995,387.809,372.49629999999996,418.32647337457456,406.2515032371233,15.963819916165598,254.84354631576537,0.5905952115754339,0.025057110222729717,0.07084793795212296,532.0,-19.028195488721806,-37.774436090225564,67.64177641015621,12.07497013745126,11.092413735771578,0.9825564016796822,440.3866398323311,376.53136016766877,0.15633216470848327,12.389999999999986,9.874999999999996,4.017358959701516,0.763440938723323,1.2656805373728317,False
2026-04-21,MSFT,424.69,430.93,424.43,426.81,594226,410.0425,388.9652,372.48830000000004,419.6316313169477,407.7743548491882,16.14285139979203,260.5916513157674,0.4833912055635257,-0.00919284072707005,0.06100380341561773,532.0,-19.772556390977446,-37.774436090225564,64.0914472031059,11.857276467759448,11.245386282169152,0.6118901855902958,442.32820279958406,377.756797200416,0.15747490955002977,6.5,9.87785714285714,3.760294565584722,0.743565904736342,-0.8395360064463941,False
2026-04-22,MSFT,419.4,428.88,409.74,418.03,637849,411.2755,389.9066,372.41939999999994,419.3852264989557,408.53403226776686,15.739095632080295,247.71913131576903,0.4434418569891489,-0.020571214357676837,0.03917766674124468,532.0,-21.422932330827074,-37.774436090225564,56.95372315153943,10.851194231188856,11.166547871973092,-0.31535364078423633,442.75369126416064,379.7973087358394,0.15307593700164787,19.139999999999986,10.822857142857137,3.119549960398266,0.7091590110282567,-1.4360369508492454,False
2026-04-23,MSFT,414.75,417.92,412.48,415.77,347616,412.657,390.68300000000005,372.3493,418.8290378068087,409.07002987756186,14.78520209711768,218.602201052613,0.33738062851466305,-0.005406310551874238,0.0335595495562695,532.0,-21.84774436090226,-37.774436090225564,55.24812839353638,9.75900792924682,10.88503988342784,-1.1260319541810198,442.22740419423536,383.0865958057646,0.1433171093389201,5.5499999999999545,10.605714285714274,2.669787213205594,0.7004946230250753,-0.5535594917632707,False
2026-04-24,MSFT,408.78,411.79,405.68,405.76,858352,413.4425,391.3118,372.22104999999993,416.8184166057612,408.82484247922395,13.912496796234876,193.5575671052457,0.29584448320023493,-0.024075811145585324,0.008675765033436589,532.0,-23.72932330827068,-37.774436090225564,48.34263974386863,7.993574126537226,10.306746732049717,-2.3131726055124915,441.26749359246975,385.61750640753024,0.13460151577290555,10.089999999999975,10.728571428571415,1.9399674003941436,0.6904479098283316,-1.5104205468344358,False
2026-04-27,MSFT,407.1,414.64,399.23,409.83,377980,414.4,392.2404,372.1186,415.7432755894902,408.899298591874,12.884459018930917,166.00928421051026,0.21458569926609372,0.0100305599369086,0.018793347751511646,532.0,-22.96428571428572,-37.774436090225564,51.023122127309584,6.84397699761621,9.614192785163016,-2.7702157875468068,440.16891803786183,388.6310819621381,0.12436736504759581,15.409999999999968,11.127142857142843,1.9379920429022264,0.6790635175002422,0.4297625289265713,False
2026-04-28,MSFT,399.8,400.16,398.99,399.51,284344,414.744,392.99659999999994,371.9632000000001,413.2458485757225,408.20379499247593,12.353539616345433,152.60994105261605,0.21960690042456102,-0.025181172681355668,-0.006861063464835615,532.0,-24.904135338345867,-37.774436090225564,44.69072530471143,5.04205358324657,8.699764944779728,-3.657711361533158,439.4510792326909,390.03692076730914,0.11914375727046508,10.839999999999975,11.256428571428557,1.4063909217222872,0.6555833522054374,-1.4182336435004783,False
2026-04-29,MSFT,401.28,402.12,397.28,399.86,234511,415.04799999999994,393.67220000000003,371.81725,411.1864872563806,407.58573610414436,11.876081047745355,141.04130105261643,0.2201271701246167,0.0008760731896573226,-0.005991001068932356,532.0,-24.83834586466165,-37.774436090225564,44.94030424150035,3.600751152236228,7.679962186271029,-4.079211034034801,438.80016209549063,391.29583790450926,0.11445501289243988,4.840000000000032,10.597857142857132,1.325737331517051,0.6324252552113061,-0.0028073792418508953,False
2026-04-30,MSFT,390.27,394.35,388.37,389.73,619154,414.709,394.09159999999997,371.624,407.88548921693746,406.26308898531886,12.512793411039468,156.56999894735273,0.229608945392316,-0.025333866853398668,-0.031173092698932092,532.0,-26.742481203007518,-37.774436090225564,39.39889647386595,1.6224002316185988,6.468449795340542,-4.846049563721944,439.73458682207894,389.68341317792107,0.1206898660124518,11.490000000000009,10.102857142857134,0.5641721082829319,0.6330225382217829,-1.2761721079348067,False
2026-05-01,MSFT,388.52,391.44,388.34,388.36,270966,413.92650000000003,394.44,371.41705,404.88156779894706,404.9369342456656,13.654351639100032,186.4413186841937,0.35742705080155357,-0.003515254150309177,-0.03457876550575334,532.0,-26.999999999999996,-37.774436090225564,38.703818194968136,-0.05536644671855129,5.163686546928724,-5.219052993647275,441.2352032782001,386.61779672179995,0.13194952861534637,3.1000000000000227,9.47714285714285,0.7955798094340473,0.6208305965573,-0.09106531918515648,False
2026-05-04,MSFT,398.7,399.42,392.78,396.69,405043,413.4045,394.97720000000004,371.27740000000006,403.62132659910907,404.32605022746816,14.119489880079474,199.3599944736667,0.37820897922290875,0.021449170872386514,-0.013871280483255921,532.0,-25.43421052631579,-37.774436090225564,45.051493054176596,-0.7047236283590905,3.9900045118711613,-4.694728140230252,441.6434797601589,385.16552023984104,0.13661670233468162,11.060000000000002,9.85571428571428,1.2298566707841325,0.5845509821472303,1.1653207337709122,False
2026-05-05,MSFT,397.78,401.39,394.7,398.7,376468,413.24050000000005,395.6692,371.17370000000005,402.8641994300154,403.90930576617427,14.277337756775069,203.84237342103495,0.3725813824346254,0.005066928836118922,-0.008874636438211514,532.0,-25.05639097744361,-37.774436090225564,46.491419860708255,-1.0451063361588808,2.982982342265153,-4.028088678424034,441.7951755135502,384.6858244864499,0.13819882375299677,6.689999999999998,9.313571428571423,1.4862468979430767,0.5568129455987543,0.2758798750655462,False
2026-05-06,MSFT,395.72,397.05,387.72,394.59,398012,412.512,396.2278,371.08475,401.59124567155146,403.2189868205317,14.85647390338928,220.71481684208666,0.37439202207417405,-0.010308502633559091,-0.019091654858675478,532.0,-25.82894736842106,-37.774436090225564,43.95498836236494,-1.627741148980249,2.0608376440160727,-3.6885787929963216,442.2249478067786,382.7990521932214,0.14405858644974484,10.979999999999961,9.859999999999989,1.2046981921021411,0.5637289226825115,-0.45969394387031626,False
2026-05-07,MSFT,392.59,394.76,388.45,394.64,724149,411.34799999999996,396.86019999999996,371.03614999999996,400.5218232605435,402.58350631530715,15.315361260064865,234.56029052629563,0.4089987500681367,0.00012671380420181677,-0.018967360230689345,532.0,-25.819548872180455,-37.774436090225564,43.99501875500109,-2.061683054763648,1.2363335042601284,-3.2980165590237767,441.9787225201297,380.71727747987023,0.1489285107506526,6.310000000000002,9.599285714285704,0.9306917378083504,0.5916800573257587,0.1568889546490935,False
2026-05-08,MSFT,394.78,395.55,392.49,394.94,735220,409.3415,397.2921999999999,371.0188,399.66308122045984,402.0173206623215,14.658595206261401,214.87441342102974,0.4316977249706906,0.0007601864990878227,-0.018221592462772218,532.0,-25.763157894736842,-37.774436090225564,44.25230450856231,-2.354239441861637,0.5182189150357754,-2.872458356897412,438.6586904125228,380.0243095874772,0.1432407435479803,3.0600000000000023,8.932857142857134,1.0706384013116619,0.5962137367386168,0.36790674569678034,False
2026-05-11,MSFT,397.46,400.2,391.25,397.5,380006,407.7575,397.7178,371.00925,399.3302994942353,401.68270431696436,14.103168317045725,198.89935657892232,0.4545159062250213,0.006481997265407324,-0.011857707509879911,532.0,-25.281954887218046,-37.774436090225564,46.51049740189583,-2.3524048227290564,-0.05590583251719089,-2.2964989902118655,435.9638366340914,379.55116336590856,0.1383485852944038,8.949999999999989,9.107857142857133,1.7674776001695287,0.6538339248956144,0.6825220376633372,False
2026-05-12,MSFT,389.85,391.28,388.66,390.91,658379,405.7675,398.06260000000003,370.98805,398.03486880281446,400.88472621941145,13.488604888648702,181.94246184207768,0.44274235221661284,-0.016578616352201148,-0.028239739478458148,532.0,-26.520676691729317,-37.774436090225564,41.81485665935536,-2.84985741659699,-0.6146961493331506,-2.2351612672638392,432.7447097772974,378.7902902227026,0.13296880493039678,8.839999999999975,8.372142857142848,1.5298461123629201,0.6812175880416941,-0.7843872724764587,False
2026-05-13,MSFT,392.98,394.24,388.87,394.05,573259,404.481,398.5236,370.96869999999996,397.42181206391996,400.3784502031587,13.30760522566236,177.09235684207616,0.44371230462852046,0.008032539459210453,-0.020434036840926262,532.0,-25.93045112781955,-37.774436090225564,44.68068133341716,-2.9566381392387484,-1.0830845473142703,-1.8735535919244781,431.09621045132474,377.86578954867525,0.13160178327943584,5.3700000000000045,8.359285714285708,1.4596886339840438,0.6924548646519958,0.7625849337131492,False
2026-05-14,MSFT,380.94,383.07,378.81,381.04,355797,402.3865,398.7292,370.88239999999996,394.90153328485536,398.94597241033216,13.545500427893893,183.48058184207366,0.28728369339079324,-0.03301611470625554,-0.052775499042929885,532.0,-28.375939849624054,-37.774436090225564,36.6303932520836,-4.044439125476799,-1.6753554629467762,-2.369083662530023,429.4775008557878,375.2954991442122,0.1346516389381244,15.240000000000009,8.727142857142853,0.6915418131582792,0.7207935140786838,-1.7719112654660554,False
2026-05-15,MSFT,377.32,380.75,376.58,378.23,291400,400.28599999999994,398.8972,370.82985,392.3366820102622,397.4114559354927,13.884254770288601,192.77253052628177,0.1755603869060245,-0.007374553852613874,-0.059760857135753076,532.0,-28.90413533834586,-37.774436090225564,35.15700496851126,-5.074773925230488,-2.3552391554035186,-2.7195347698269696,428.05450954057716,372.51749045942273,0.13874334621034567,4.460000000000036,7.945000000000001,0.45831195841445904,0.7464284373633677,-0.14209574999935082,False
2026-05-18,MSFT,379.03,380.09,371.43,376.1,418998,397.5525,398.914,370.74950000000007,389.8387309317604,395.83282956990064,12.914549068068231,166.785577631542,0.1185724365700701,-0.005631494064458176,-0.06505580828796431,532.0,-29.304511278195484,-37.774436090225564,34.03933230124737,-5.994098638140258,-3.0830110519508667,-2.9110875861893915,423.38159813613646,371.72340186386356,0.12994056450977645,8.659999999999968,7.7892857142857155,0.4117774250705673,0.7636814981454685,0.07361726881928803,False
2026-05-19,MSFT,379.5,385.2,375.6,379.31,738797,395.1775,398.9734,370.66405,388.21892617302797,394.60891626842647,11.546019990955305,133.31057763153953,0.1165088793353024,0.008534964105291198,-0.05707609317125162,532.0,-28.701127819548873,-37.774436090225564,37.275635073151996,-6.3899900953985025,-3.744406860640394,-2.6455832347581083,418.2695399819106,372.0854600180894,0.11686920425333225,9.599999999999966,8.129285714285711,0.8376990510603607,0.8217410170295221,0.9896660730481834,False
2026-05-20,MSFT,381.96,384.06,378.68,379.61,330327,393.2565,399.1039999999999,370.60375,386.8944759925621,393.4978854337282,10.709578730225852,114.69507657890597,0.17835434887208326,0.0007909098099181389,-0.05633032540333438,532.0,-28.64473684210526,-37.774436090225564,37.583855873255075,-6.603409441166093,-4.316207376745535,-2.2872020644205584,414.6756574604517,371.83734253954833,0.10893224885260223,5.3799999999999955,7.692857142857138,0.728953113209126,0.8534397851113437,0.3903699187687299,False
2026-05-21,MSFT,372.81,373.26,370.64,373.14,773311,391.125,398.9214,370.4997,384.77840276293716,391.9898939201187,10.224214034904369,104.53455263153549,0.23541898846520015,-0.01704380811885886,-0.0724140502647459,532.0,-29.8609022556391,-37.774436090225564,33.73386673010418,-7.211491157181513,-4.895264132832731,-2.316227024348782,411.57342806980876,370.67657193019124,0.10456211221378718,8.970000000000027,8.112142857142853,0.5990071839780421,0.8132139766765593,-0.8176535088135548,False
2026-05-22,MSFT,367.51,375.13,367.45,368.73,562293,389.2735,398.64200000000005,370.39375,382.3094177224853,390.2669388149247,10.772646293174649,116.04990815784949,0.1970511330417719,-0.011818620356970455,-0.08337683645312677,532.0,-30.689849624060145,-37.774436090225564,31.374709549613996,-7.957521092439379,-5.50771552475406,-2.4498055676853188,410.81879258634933,367.7282074136507,0.11069488463175284,7.680000000000007,7.870714285714281,-0.1077264786163042,0.7529772834469032,-0.5180682172854344,False
2026-05-25,MSFT,370.25,371.32,369.44,369.85,916705,387.27450000000005,398.3064,370.29,380.3925842267183,388.7545729767821,10.46229041794513,109.45952078942649,0.23617669759039958,0.0030374528788001953,-0.0805926367862364,532.0,-30.479323308270672,-37.774436090225564,32.6626939597996,-8.361988750063745,-6.078570169815997,-2.283418580247748,408.1990808358903,366.3499191641098,0.1080607209402646,2.589999999999975,7.577857142857137,-0.1919733769557738,0.688375348765992,0.5992446013899136,False
2026-05-26,MSFT,370.29,371.51,368.04,369.67,467157,385.7825,398.0222,370.21520000000004,378.7429558841463,387.3409009044278,10.749346552965012,115.54845131574079,0.2538875650759166,-0.00048668379072602796,-0.0810400974469867,532.0,-30.513157894736835,-37.774436090225564,32.55693696163301,-8.597945020281543,-6.582445139909106,-2.0154998803724364,407.2811931059301,364.28380689407,0.11145499397162932,3.4699999999999704,7.0414285714285665,-0.07906964985988746,0.5717403698520829,0.2621872359430317,False
2026-01-07,NVDA,159.07,159.22,156.58,157.75,829878,155.20999999999998,161.214,159.90055,154.97932185974184,157.12309885492982,6.395277863187045,40.89957894737025,0.08158668305095182,0.009600000000000053,0.2600846712996234,191.91,-17.800010421551768,-22.45323328643635,50.72073538447566,-2.1437769951879773,-3.1843970952140106,1.0406201000260333,168.00055572637407,142.41944427362588,0.16481612945524252,2.969999999999999,5.681428571428573,-1.7470092665160821,-0.5819894307170894,0.48786087166016534,False
2026-01-08,NVDA,153.52,154.8,150.36,154.02,866584,154.4245,161.0454,159.97645,154.83173388132002,156.89323968049058,5.406319377407125,29.22828921052776,0.17956998206368077,-0.023645007923930206,0.23028995926192075,191.91,-19.743629826481158,-22.45323328643635,45.291604470244344,-2.061505799170561,-2.9598188360053213,0.89831303683476,165.23713875481425,143.61186124518574,0.14003786646308403,7.389999999999986,5.575714285714286,-1.9247768630411504,-0.539315160647484,-0.9618189899332025,False
2026-01-09,NVDA,153.1,156.69,147.35,154.26,1708696,153.80450000000002,160.8508,160.03105,154.7437748226554,156.69818488934314,4.576651815695225,20.9457418421064,0.30970896436983564,0.0015582391897155379,0.2322070452911562,191.91,-19.618571205252465,-22.45323328643635,45.69439248764094,-1.9544100666877284,-2.7587370821418027,0.8043270154540743,162.95780363139048,144.65119636860956,0.11902517327373979,9.340000000000003,5.866428571428571,-1.6355030928271583,-0.4755733769184131,0.2680726211130853,False
2026-01-12,NVDA,147.93,151.88,145.12,148.83,597859,153.03,160.62959999999998,160.06130000000002,153.83396331147767,156.11535637902142,3.9745373779122763,15.796947368421794,0.44036029000052956,-0.03520031116297151,0.18883297387970188,191.91,-22.448022510551812,-22.45323328643635,38.74412264748748,-2.281393067543746,-2.6632682792221916,0.3818752116784454,160.97907475582454,145.08092524417546,0.10388910351989206,9.139999999999986,6.333571428571427,-2.0456442099530983,-0.35809197963034495,-1.4749121433569792,False
2026-01-13,NVDA,141.13,148.93,136.73,142.49,987471,152.022,160.1372,160.0656,152.08873818663494,155.10607072131614,3.962773616653153,15.70357473684231,0.4032488301706376,-0.04259893838607809,0.13818995127406253,191.91,-25.751654421343336,-25.751654421343336,32.52378509352923,-3.017332534681202,-2.734081130313994,-0.2832514043672081,159.9475472333063,144.0964527666937,0.10426842474518562,12.200000000000017,6.417142857142857,-2.3355642490679625,-0.23585521195404327,-1.6243771057205374,False
2026-01-14,NVDA,144.3,145.9,142.87,143.97,750607,151.3245,159.6264,160.1058,150.83970154253726,154.28117659381127,4.095479504089957,16.77295236842092,0.4668770118458233,0.010386693803073888,0.15001198178768171,191.91,-24.980459590433014,-25.751654421343336,35.14155687835856,-3.4414750512740113,-2.8755599145059976,-0.5659151367680137,159.5154590081799,143.1335409918201,0.10825687853823938,3.4099999999999966,6.259285714285714,-1.83231945302048,-0.17163435348805686,0.6731917604488601,False
2026-01-15,NVDA,140.18,146.07,140.13,142.74,636082,150.98499999999999,159.12140000000002,160.1033,149.59359361291615,153.4262746238993,4.512289067821193,20.360752631578652,0.47966336850533564,-0.008543446551364742,0.1401869158878497,191.91,-25.621385024230104,-25.751654421343336,33.962305707807474,-3.8326810109831513,-3.0669841338014288,-0.7656968771817225,160.00957813564236,141.9604218643576,0.11954271133744905,5.939999999999998,6.137142857142856,-2.367208441821673,-0.0701182310944665,-0.3406494571732777,False
2026-01-16,NVDA,143.54,146.34,141.56,143.62,1406727,150.725,158.6928,160.0959,148.67457921092904,152.69988391101788,4.785165123917615,22.89780526315748,0.5337094586315229,0.006165055345383141,0.14721623132838002,191.91,-25.16283674639153,-25.751654421343336,35.62668923083227,-4.025304700088839,-3.258648247058911,-0.7666564530299276,160.29533024783524,141.15466975216475,0.12699061533037312,4.780000000000001,6.0007142857142854,-2.1582773289269896,-0.028491198568398615,0.41257506066087746,False
2026-01-19,NVDA,144.02,144.05,141.48,143.71,1211965,150.436,158.27120000000002,160.09709999999998,147.91079779386303,152.03396658427582,5.031861013895093,25.31962526315736,0.45349344136232994,0.000626653669405508,0.14793513858934348,191.91,-25.115939763430767,-25.751654421343336,35.804889345329286,-4.123168790412791,-3.4315523557296874,-0.6916164346831035,160.4997220277902,140.37227797220982,0.133794065619801,2.5700000000000216,5.935000000000002,-1.8141213633598103,-0.028970003192406033,0.12918775274123911,False
2026-01-20,NVDA,142.16,143.3,139.31,140.37,594256,149.9815,157.72799999999998,160.0564,146.75067505634564,151.16996905951464,5.5122507343093545,30.384908157894014,0.47207188828642116,-0.023241249739057834,0.12125569134914849,191.91,-26.856338908863524,-26.856338908863524,32.238227548090975,-4.419294003169,-3.6291006852175505,-0.7901933179514495,161.0060014686187,138.95699853138132,0.14701148433131678,4.400000000000006,6.047142857142861,-2.039761295375279,0.0422748754566922,-1.0465338015215624,False
2026-01-21,NVDA,139.83,142.75,136.61,140.36,1468324,149.546,157.1832,160.03285,145.76749427844632,150.3692306106617,5.9172472262734805,35.0138147368412,0.5288237125120294,-7.124029350991101e-05,0.12117581276459721,191.91,-26.86154968474805,-26.86154968474805,32.22787637669427,-4.601736332215381,-3.823627814617117,-0.7781085175982643,161.38049445254694,137.71150554745304,0.1582722968524327,6.139999999999986,6.028571428571431,-2.0752926889400696,0.0972043233847144,0.14203349814209004,False
2026-01-22,NVDA,134.06,138.81,129.64,136.21,1432250,148.887,156.57,159.9803,144.29711054330073,149.32039871357566,6.626904572311658,43.915864210525164,0.1769109304088586,-0.029566828156169844,0.08802620017573237,191.91,-29.024021676827672,-29.024021676827672,28.183544921485677,-5.023288170274924,-4.0635598857486785,-0.9597282845262454,162.14080914462332,135.63319085537668,0.1780385009386087,10.720000000000027,6.369285714285717,-1.9545057361481772,0.1830685524145306,-1.2424377623646552,False
2026-01-23,NVDA,140.76,142.97,137.44,141.22,1597543,148.275,156.0486,159.9552,143.82370892125445,148.7203691792367,6.74646535134071,45.514794736840734,0.058291713765547676,0.036781440422876344,0.12804537103602454,191.91,-26.413422958678545,-29.024021676827672,38.256972838859895,-4.896660257982262,-4.230179960195396,-0.6664802977868662,161.76793070268144,134.78206929731857,0.1819987280752849,6.759999999999991,6.426428571428573,-1.5858623429921732,0.28437921203749245,1.927448131041218,False
2026-01-26,NVDA,134.86,138.23,132.45,136.62,495734,147.4615,155.4822,159.89445,142.71544601029223,147.8240455363303,7.130683347337641,50.84664499999834,-0.13978164599803838,-0.032573289902280145,0.09130122214234304,191.91,-28.81037986556198,-29.024021676827672,33.59723347695113,-5.108599526038063,-4.40586387336393,-0.7027356526741331,161.72286669467528,133.20013330532473,0.193424950847174,8.77000000000001,6.752142857142859,-1.663977356542643,0.3298709144083069,-1.2320615351679054,False
2026-01-27,NVDA,136.21,140.55,129.7,136.1,1039627,146.724,154.9302,159.8315,141.6976850856319,146.95559771882435,7.514231690248506,56.463677894734914,-0.3086527787345863,-0.0038061777192213153,0.08714753574566592,191.91,-29.081340211557503,-29.081340211557503,33.10633428839482,-5.257912633192461,-4.5762736253296366,-0.6816390078628247,161.752463380497,131.69553661950297,0.20485351245190994,10.850000000000023,7.315000000000004,-2.3283330149935333,0.3635745849517888,0.04978280261698852,False
2026-01-28,NVDA,134.02,134.56,131.54,132.71,872092,145.862,154.47480000000002,159.7775,140.314964303227,145.9003682581707,8.091366809266711,65.47021684210297,-0.3882536444927676,-0.024908155767817686,0.06006869558271366,191.91,-30.847793236412897,-30.847793236412897,30.026196420946732,-5.5854039549437005,-4.778099691252449,-0.8073042636912513,162.04473361853343,129.67926638146656,0.2218910150489289,4.560000000000002,7.112857142857147,-2.8001504428650965,0.4110379850800404,-0.8491367475737109,False
2026-01-29,NVDA,135.01,136.29,133.4,134.78,969477,144.985,153.9802,159.73175,139.46343133349976,145.07663727608397,8.302366498395594,68.92928947368154,-0.3070684348657478,0.015597920277296229,0.07660356258487022,191.91,-29.769162628315353,-30.847793236412897,34.060425285856766,-5.613205942584216,-4.945120941518803,-0.6680850010654131,161.5897329967912,128.38026700320881,0.22905449524835256,3.579999999999984,6.701428571428575,-2.4862420225743307,0.41958831471732766,0.9563543379700321,False
2026-01-30,NVDA,133.73,135.75,131.21,133.8,979594,143.77500000000003,153.4384,159.661,138.59213420526902,144.24133081118885,8.065809908104765,65.057289473681,-0.23779390696002936,-0.007271108473067112,0.06877546129882517,191.91,-30.27981866499921,-30.847793236412897,33.08782654092077,-5.649196605919826,-5.085936074399008,-0.5632605315208181,159.90661981620957,127.6433801837905,0.22440090163393542,4.539999999999992,6.372857142857147,-2.370351543524633,0.39252884783182457,0.04076446470459049,False
2026-02-02,NVDA,134.43,137.15,129.06,132.2,1009820,142.6005,152.9232,159.582,137.60872894291992,143.34938038073042,7.94889232601138,63.18488921052261,-0.17625726079025472,-0.011958146487294652,0.05599488777058781,191.91,-31.113542806523895,-31.113542806523895,31.50601165536237,-5.740651437810499,-5.216879147081306,-0.5237722907291928,158.49828465202276,126.70271534797725,0.22296954992475843,8.090000000000003,6.079285714285717,-2.493121612840291,0.38962479665856997,-0.20053671735811338,False
2026-02-03,NVDA,135.6,137.99,131.5,135.22,458112,141.549,152.31,159.5027,137.2412321824707,142.74720405623188,7.421741815702239,55.082251578943165,-0.0596336935568471,0.022844175491679275,0.08011822030513538,191.91,-29.53988848939607,-31.113542806523895,37.57246991875503,-5.505971873761183,-5.2746976924172815,-0.23127418134390165,156.39248363140447,126.70551636859553,0.20972926168894834,6.490000000000009,6.299285714285718,-2.4055684470730383,0.338932645895843,1.4212133454109308,False
2026-02-04,NVDA,133.9,138.6,133.23,135.47,764381,140.435,151.69099999999997,159.4435,136.96873492362906,142.2081519039184,6.473527875732832,41.90656315789003,0.0548403016645719,0.001848838929152441,0.08211518491892233,191.91,-29.409619092282842,-31.113542806523895,38.061528620349996,-5.239416980289349,-5.267641549991695,0.028224569702346436,153.38205575146566,127.48794424853433,0.18438502868181952,5.3700000000000045,6.258571428571433,-2.387788514059247,0.32811621186325196,0.4449066140657708,False
2026-02-05,NVDA,135.87,138.73,132.47,137.39,2308130,139.6035,151.1928,159.3936,137.03354493537844,141.85125176288741,5.652743418720651,31.95350815788963,0.17469617577333432,0.014172879604340327,0.09745187315280668,191.91,-28.40915012245324,-31.113542806523895,41.83052634637316,-4.817706827508971,-5.17765460549515,0.3599477779861795,150.9089868374413,128.2980131625587,0.16196566472103197,6.259999999999991,6.364285714285718,-2.1532757481170934,0.3145787434077083,0.9405814874567859,False
2026-02-06,NVDA,134.15,134.31,132.76,134.18,1469523,138.59949999999998,150.556,159.3384,136.5945380222433,141.2830108915624,4.5972399900712375,21.13461552631019,0.3075481090214422,-0.02336414586214408,0.07181084751178135,191.91,-30.081809181387104,-31.113542806523895,37.700087146764425,-4.688472869319099,-5.079818258259941,0.3913453889408416,147.79397998014247,129.4050200198575,0.13267695742253746,4.6299999999999955,6.511428571428573,-2.4476392880238853,0.25377117955158757,-0.7843934442119773,False
2026-02-09,NVDA,130.73,133.19,128.21,129.65,887677,137.6405,149.79139999999998,159.24595000000002,135.5261475572828,140.4213063810763,4.344352020000001,18.873394473678093,0.37247148030429417,-0.0337606200626025,0.035625848709960106,191.91,-32.442290657078836,-32.442290657078836,32.780818400472825,-4.895158823793508,-5.042886371366655,0.14772754757314654,146.32920404,128.95179596,0.12625214293758022,5.969999999999999,6.62357142857143,-2.646256953171286,0.15700641572568722,-1.284186418864059,False
2026-02-10,NVDA,131.02,132.23,130.13,130.14,1172930,137.023,148.99960000000002,159.15455,134.697509471547,139.6597281306262,4.493903589717714,20.19516947367776,0.46261885391050045,0.0037794060933280527,0.03953989935298252,191.91,-32.186962638736915,-32.442290657078836,33.787245704372324,-4.962218659079213,-5.026752828909166,0.06453416982995375,146.01080717943543,128.03519282056456,0.13118683986535742,2.579999999999984,6.3692857142857155,-2.511834742008768,0.06194986167368718,0.4181116394468086,False
2026-02-11,NVDA,130.13,134.18,127.61,129.24,910747,136.2865,148.2224,159.04485,133.85789262977053,138.88789641724648,4.502478001932699,20.27230815788787,0.5459636147186809,-0.006915629322268191,0.032350826743349215,191.91,-32.65593246834453,-32.65593246834453,32.8153985097389,-5.030003787475948,-5.027403020622523,-0.0026007668534253625,145.2914560038654,127.28154399613459,0.13214743945827948,6.570000000000007,6.072857142857143,-2.081216330636718,-0.045773384918287315,-0.08930665557131616,False
2026-02-12,NVDA,132.25,134.05,127.71,131.43,1718379,135.721,147.447,158.92425,133.4843706867289,138.33545964559858,4.357183904649903,18.98505157894017,0.6880857807599524,0.016945218198699985,0.049844236760123506,191.91,-31.514772549632635,-32.65593246834453,37.52453200556518,-4.851088958869667,-4.992140208271952,0.14105124940228464,144.4353678092998,127.0066321907002,0.1284159092446976,6.340000000000018,6.0428571428571445,-2.208116442301744,-0.26828115001064706,1.0585135501531526,False
2026-02-13,NVDA,132.87,136.21,130.63,131.31,1012957,135.10549999999998,146.68779999999998,158.78855,133.14985211953984,137.81505522740608,4.040595937025654,16.326415526308224,0.790111676766703,-0.0009130335539830892,0.048885693745505776,191.91,-31.577301860246987,-32.65593246834453,37.369965365447776,-4.665203107866233,-4.926752788190808,0.26154968032457493,143.1866918740513,127.02430812594866,0.11962787412875589,5.5800000000000125,5.815000000000002,-2.3313645919132493,-0.36955712299234883,0.17219954156152978,False
2026-02-16,NVDA,133.15,134.85,131.41,132.13,1175777,134.5265,145.8936,158.65060000000003,132.9929517934568,137.393940025376,3.5415819762824827,12.542802894728935,0.9330252843209215,0.006244764298225514,0.055435737678727115,191.91,-31.1500182377156,-32.65593246834453,39.21256750871403,-4.4009882319192,-4.821599876936487,0.42061164501728676,141.60966395256497,127.44333604743504,0.10530511018371795,3.539999999999992,5.292857142857143,-2.0355552531992975,-0.42357961155592544,0.520084734070538,False
2026-02-17,NVDA,126.93,128.88,124.04,126.97,1022325,133.8565,145.15380000000002,158.50584999999998,132.06634382523268,136.6217963197926,3.643952849367391,13.278392368412728,0.9470237220102407,-0.0390524483463256,0.014218388050162512,191.91,-33.83877859413267,-33.83877859413267,32.69418341647712,-4.5554524945599155,-4.768370400461173,0.21291790590125714,141.1444056987348,126.56859430126522,0.10889132315180494,8.08999999999999,5.544999999999999,-3.235517794551337,-0.4861732919064179,-1.646110938583235,False
2026-02-18,NVDA,135.71,139.53,131.99,133.3,1013141,133.50349999999997,144.5728,158.39195,132.2561370828892,136.3757373331413,3.3071808236005853,10.937444999991445,0.9025727865597817,0.04985429629046245,0.06478153207125059,191.91,-30.54035745922567,-33.83877859413267,44.813684899162986,-4.119600250252091,-4.638616370419356,0.5190161201672652,140.11786164720115,126.88913835279881,0.0990889624197294,12.560000000000002,6.186428571428571,-2.5058877561434856,-0.43130479630779606,2.160960930988193,False
2026-02-19,NVDA,134.23,135.16,132.17,132.89,637051,133.3375,143.836,158.28560000000002,132.35365445475242,136.11753456772342,3.246954646076159,10.542714473675556,0.9029741137288505,-0.0030757689422357126,0.0615065101046397,191.91,-30.753999270491384,-33.83877859413267,44.25779755519379,-3.763880112971009,-4.463669118929687,0.699789005958678,139.83140929215233,126.84359070784768,0.09740559545742682,2.990000000000009,6.0757142857142865,-2.262375991729656,-0.5417942521362656,-0.09020821610608745,False
2026-02-20,NVDA,134.01,136.17,130.76,135.4,808357,133.04649999999998,143.2108,158.19764999999998,132.82232300017512,136.0643838590032,2.7216293011030643,7.407266052622755,0.529889671001344,0.018887801941455562,0.08155603482706186,191.91,-29.446094523474542,-33.83877859413267,48.47180777669806,-3.2420608588280686,-4.219347466909364,0.977286608081295,138.4897586022061,127.60324139779385,0.08182490485967131,5.409999999999997,5.884285714285715,-2.319619071540544,-0.5083705393385825,0.9412023167142644,False
2026-02-23,NVDA,133.3,135.6,128.96,132.72,1631621,132.85150000000002,142.5788,158.10264999999998,132.80658100014819,135.81665172129925,2.5885807430228915,6.700750263148945,0.381732565862011,-0.019793205317577556,0.06014857416726471,191.91,-30.842582460528373,-33.83877859413267,44.595253628509404,-3.0100707211510667,-3.9774921177577047,0.9674213966066381,138.0286614860458,127.67433851395424,0.07793907462160043,6.639999999999986,5.894999999999999,-2.6960392770659687,-0.4420273602775264,-0.871764541744411,False
2026-02-24,NVDA,132.04,136.09,126.64,133.89,731223,132.741,142.0036,158.03125,132.97326084627923,135.6739367789808,2.4878206484669168,6.18925157893835,0.5009899625126114,0.008815551537070476,0.06949436855978797,191.91,-30.23292168203846,-33.83877859413267,46.603001766917835,-2.7006759327015573,-3.7221288807464754,1.0214529480449182,137.71664129693386,127.76535870306618,0.07496766329820985,9.450000000000003,6.1864285714285705,-2.7259268998815496,-0.37523114335334223,0.4400735836153808,False
2026-02-25,NVDA,130.58,131.53,128.65,129.71,543930,132.591,141.4394,157.97379999999998,132.47122071608243,135.23216368424147,2.5785734530205775,6.649041052622463,0.55950853305733,-0.031219657928149847,0.03610512021726886,191.91,-32.41102600177166,-33.83877859413267,40.900493629024496,-2.7609429681590427,-3.5298916982289894,0.7689487300699467,137.74814690604117,127.43385309395886,0.07779030109194675,5.239999999999981,6.113571428571427,-2.952370261822972,-0.4320673793563511,-1.3889246674356779,False
2026-02-26,NVDA,132.26,133.54,131.31,131.33,963531,132.4185,141.0754,157.93550000000002,132.2956482982236,134.9431145224458,2.5395301575376905,6.449213421043408,0.673630611834444,0.012489399429496562,0.04904545091460899,191.91,-31.566880308477923,-33.83877859413267,43.77211506229689,-2.6474662242221996,-3.3534066034276315,0.705940379205432,137.49756031507536,127.33943968492461,0.0767122466283091,3.829999999999984,6.056428571428569,-2.9524139392937268,-0.3891248685136025,0.6248216734205498,False
2026-02-27,NVDA,128.84,132.95,126.62,130.3,1173037,132.24349999999998,140.705,157.8879,131.9886254831123,134.59918011337575,2.5598319743359657,6.552739736832769,0.6821270920671666,-0.007842838650727213,0.040817956705806235,191.91,-32.10359022458443,-33.83877859413267,42.36271586092355,-2.610554630263465,-3.2048362087947986,0.5942815785313336,137.3631639486719,127.12383605132806,0.07742783499638059,6.329999999999984,6.082142857142854,-2.9804971273263927,-0.4199544657031422,-0.310506169994609,False
2026-03-02,NVDA,131.75,132.49,130.21,130.54,501373,132.1605,140.326,157.86415,131.76576002417193,134.29850010497756,2.588072794467786,6.698120789464295,0.5117909399219299,0.0018419033000764973,0.04273504273504147,191.91,-31.97853160335574,-33.83877859413267,42.82467528268839,-2.532740080805638,-3.0704169831969668,0.5376769023913286,137.3366455889356,126.98435441106444,0.07833120469331722,2.280000000000001,6.060714285714283,-3.160572625288651,-0.4558777441499675,0.10443445044023805,False
2026-03-03,NVDA,132.68,133.06,128.1,132.99,1316244,132.049,139.9966,157.85164999999998,131.95410463583778,134.20157417127552,2.4957140102670365,6.228588421043175,0.5348651735460177,0.018768193657116683,0.06230529595015466,191.91,-30.701891511646078,-33.83877859413267,47.45460606824168,-2.2474695354377445,-2.9058274936451225,0.658357958207378,137.04042802053408,127.05757197946593,0.0755996337804008,4.960000000000008,5.945714285714283,-2.430964645132385,-0.38517552013589174,0.9075960499578315,False
2026-03-04,NVDA,130.81,132.17,127.45,129.07,1047964,131.72899999999998,139.5966,157.78554999999997,131.51039623032426,133.82145756599584,2.4437501379708277,5.971914736832439,0.47429121457368445,-0.029475900443642455,0.030992890805973783,191.91,-32.74451565838154,-33.83877859413267,41.64398204327226,-2.3110613356715817,-2.7868742620504148,0.4758129263788331,136.61650027594163,126.84149972405832,0.07420538037852949,5.540000000000006,5.888571428571425,-2.643918572488128,-0.39512705714962165,-1.2243332279196792,False
2026-03-05,NVDA,127.26,129.36,126.13,127.0,920989,131.2095,139.14880000000002,157.68974999999998,130.81648911796668,133.31616441295913,2.275560023607951,5.178173421042619,0.4393157783257232,-0.01603780894088469,0.014458023803817222,191.91,-33.82314626647908,-33.83877859413267,38.93297319278341,-2.499675294992443,-2.7294344686388206,0.22975917364637777,135.7606200472159,126.65837995278409,0.06937180687703107,3.230000000000018,5.7207142857142825,-3.552705477220424,-0.4702533405671826,-0.5573930881928909,False
2026-03-06,NVDA,130.43,135.15,125.87,128.6,687483,130.9305,138.6516,157.57025,130.47549079212564,132.9668189008881,2.233879031260553,4.990215526305587,-0.08355781948554794,0.012598425196850283,0.027238597332054137,191.91,-32.98942212495441,-33.83877859413267,42.07204467159238,-2.4913281087624455,-2.6818131966635455,0.19048508790109997,135.3982580625211,126.46274193747888,0.06824625373799251,9.280000000000001,6.130714285714284,-3.1525564502719976,-0.4611856827675938,0.6608656452768028,False
2026-03-09,NVDA,134.09,138.56,132.34,135.73,1651703,131.2345,138.3084,157.478,131.2838768241063,133.17149898230377,2.453368200312742,6.019015526305784,-0.12887893120314545,0.05544323483670288,0.08419202811726056,191.91,-29.274138919285086,-33.83877859413267,53.53453426219917,-1.8876221581974733,-2.522974988970331,0.6353528307728578,136.14123640062547,126.3277635993745,0.07477814752409592,9.960000000000008,6.264285714285713,-2.1246372641652274,-0.2790995379927064,2.196555761182882,False
2026-03-10,NVDA,136.36,141.28,134.07,135.41,939327,131.498,137.99960000000002,157.3603,131.91866500501303,133.3373138725035,2.6077770327659815,6.800501052621747,-0.15554953413868292,-0.0023576217490606233,0.08163591341161314,191.91,-29.440883747590018,-33.83877859413267,53.027384653759476,-1.4186488674904751,-2.30210976467436,0.8834608971838849,136.71355406553195,126.28244593446803,0.07932522267307429,7.210000000000008,5.882142857142857,-2.0325995978962026,-0.12073546306393627,-0.1916513843107746,False
2026-03-11,NVDA,138.0,141.02,135.69,137.59,770469,131.9155,137.75240000000002,157.267,132.79117808116487,133.65232765972547,2.8813127033918593,8.301962894727305,-0.06350084477991792,0.016099254117125872,0.09904944484383615,191.91,-28.304934604762643,-33.83877859413267,56.07989164495206,-0.8611495785605996,-2.013917727451608,1.1527681488910084,137.67812540678372,126.1528745932163,0.08736843519955899,5.610000000000014,6.069285714285714,-1.498133123570654,-0.0016088370834515518,0.5246714767262711,False
2026-03-12,NVDA,136.99,142.46,136.65,137.36,470268,132.21200000000002,137.4532,157.18435000000002,133.49407376098566,133.92697005530135,3.1236442954025994,9.757153684201201,0.006778786184245132,-0.0016716331128715511,0.09721223739915219,191.91,-28.42478245010681,-33.83877859413267,55.66885528346943,-0.43289629431569665,-1.6977134408244259,1.2648171465087292,138.45928859080522,125.96471140919482,0.09450410841383834,5.810000000000002,6.097857142857143,-0.9187996468909521,0.1574982976696785,-0.1730453419059335,False
2026-03-13,NVDA,144.47,146.68,143.19,144.41,1955891,132.86700000000002,137.1814,157.1875,135.1734470285263,134.7034907919457,4.134470118151279,17.093843157885857,0.9559363386675889,0.051324985439720416,0.15352663950794665,191.91,-24.75118545151373,-33.83877859413267,64.30510433375063,0.46995623658060026,-1.2641795053434208,1.734135741924021,141.1359402363026,124.59805976369746,0.12446943539483184,9.319999999999993,6.2892857142857155,-0.19451718996768844,0.37859513076854345,1.75571332834207,False
2026-03-16,NVDA,136.55,141.24,134.91,138.33,503378,133.177,136.8342,157.1376,135.6590705625992,134.97212110365342,4.305212385492946,18.534853684201863,0.799920357113394,-0.042102347482861235,0.10496046010064597,191.91,-27.91933718930748,-33.83877859413267,54.45284311420842,0.6869494589457759,-0.8739537124855816,1.5609031714313575,141.7874247709859,124.5665752290141,0.12930798517740894,9.5,6.292857142857144,-0.7372073894916479,0.447159480354619,-1.5787472901342599,False
2026-03-17,NVDA,142.13,142.29,136.67,138.81,569592,133.769,136.4854,157.05995000000001,136.14382893758395,135.25640842930872,4.2199824145296025,17.808251578939092,0.7397368307602915,0.003469963131641718,0.10879463215911711,191.91,-27.66921994685008,-33.83877859413267,55.03851377818489,0.8874205082752269,-0.52167886833342,1.4090993766086468,142.2089648290592,125.3290351709408,0.12618715590397175,5.6200000000000045,6.320000000000002,-0.6937976933571854,0.5102522403439069,-0.05001421248461525,False
2026-03-18,NVDA,133.13,133.69,132.89,133.39,887702,133.7735,135.9982,156.96505,135.72016294718642,135.11815595306362,4.219503930682416,17.804213421044363,0.802533191191461,-0.039046178229234285,0.06550043933221406,191.91,-30.49346047626492,-33.83877859413267,47.59621133992495,0.602006994122803,-0.29694169584217545,0.8989486899649785,142.21250786136486,125.33449213863518,0.12616860381712125,5.920000000000016,6.469285714285719,-1.0964808804294617,0.49229393573408387,-1.5092032310710006,False
2026-03-19,NVDA,126.06,126.91,121.08,125.36,942005,133.397,135.425,156.83405000000002,134.12629172454237,134.39532958617002,4.6194749075023775,21.339548421044103,0.7415941517351418,-0.06019941524851924,0.0013579359373743216,191.91,-34.67771351154187,-34.67771351154187,39.149817933876115,-0.26903786162765186,-0.29136092899927074,0.022323067371618877,142.63594981500475,124.15805018499523,0.13851810483001506,12.309999999999988,6.896428571428577,-1.7227750361770477,0.31961032107472664,-1.961364839611852,False
2026-03-20,NVDA,123.79,127.22,121.61,126.43,1067526,132.94850000000002,134.8684,156.7219,132.94224684384355,133.80530517237966,4.84472287513262,23.471339736833276,0.74670503038275,0.00853541799617119,0.00990494448438306,191.91,-34.12016049189724,-34.67771351154187,40.66091608594273,-0.8630583285361126,-0.40570040890663916,-0.4573579196294735,142.63794575026526,123.25905424973479,0.1457623929606612,5.609999999999999,7.134285714285719,-1.9489446094518539,0.1998372375338258,0.3968733876801273,False
2026-03-23,NVDA,128.49,130.61,124.64,127.02,840838,132.6635,134.43220000000002,156.60465,132.0311319447907,133.30268997442562,5.023239964090218,25.23293973683309,0.7068052727999455,0.0046666139365656445,0.014617780972920436,191.91,-33.812724714710015,-34.67771351154187,41.52323331091402,-1.2715580296349174,-0.5788719330522949,-0.6926860965826225,142.70997992818045,122.61702007181957,0.151458086484684,5.970000000000013,7.206428571428576,-1.854856384502142,0.08628634510387762,0.22372397581913522,False
2026-03-24,NVDA,128.19,129.01,124.37,126.24,1316392,132.281,134.1072,156.46105,131.14018856866903,132.7795277540978,5.212620211915974,27.17140947367493,0.653223832683716,-0.006140765233821455,0.008387251377904859,191.91,-34.2191652337033,-34.67771351154187,40.68154568225964,-1.6393391854287813,-0.7909653835275923,-0.848373801901189,142.70624042383196,121.85575957616805,0.15762264306789261,4.639999999999986,7.1421428571428605,-1.7780320081522902,-0.016478760204001394,-0.12498675786421252,False
2026-03-25,NVDA,125.56,127.91,124.49,126.04,982315,132.0975,133.7486,156.34895,130.3555441734892,132.2803034760165,5.370109157960539,28.838072368411652,0.6015940955887318,-0.0015842839036754874,0.006789679686875383,191.91,-34.32338075139388,-34.67771351154187,40.45510565611455,-1.9247593025273204,-1.017724167327538,-0.9070351351997825,142.83771831592108,121.35728168407891,0.16261047053761174,3.4200000000000017,7.155714285714288,-1.729863141899052,-0.11552006600539995,-0.018696758300233297,False
2026-03-26,NVDA,138.04,142.69,136.36,136.42,1283975,132.352,133.6222,156.28025000000002,131.28853737756776,132.58694766297825,5.451812446091592,29.72225894735919,0.4910323679142942,0.08235480799746098,0.08970365045131334,191.91,-28.91459538325257,-34.67771351154187,54.58421081347661,-1.2984102854104833,-1.073861390944127,-0.22454889446635629,143.2556248921832,121.44837510781682,0.1647670589365206,16.64999999999999,7.682142857142859,-0.907226573936425,-0.06270635270105974,2.3808984831428623,False
2026-03-27,NVDA,135.91,139.05,135.5,135.68,928838,132.621,133.4634,156.21224999999998,131.9641470117881,132.8160626509058,5.477900961806391,30.007398947359388,0.3934303512766967,-0.005424424571177089,0.08379263519450397,191.91,-29.300192798707727,-34.67771351154187,53.60761322053532,-0.8519156391176921,-1.0294722405788401,0.17755660146114804,143.57680192361278,121.66519807638723,0.1652197151825544,3.5500000000000114,7.224285714285716,-1.3636990619188942,-0.039655216541673644,-0.23789685585802747,False
2026-03-30,NVDA,138.3,138.54,136.64,137.58,1229315,132.973,133.3408,156.1508,132.82812439458993,133.16894689898683,5.562674574433044,30.943348421043844,0.2958754122549332,0.01400353773584917,0.09896956625928555,191.91,-28.31014538064717,-34.67771351154187,55.79452488590346,-0.3408225043968969,-0.8917422933424516,0.5509197889455547,144.0983491488661,121.84765085113392,0.1673324531877312,2.859999999999985,6.913571428571429,-1.068208327301555,0.030968422276109832,0.32239892188318187,False
2026-03-31,NVDA,134.72,136.96,133.45,135.5,1718114,133.0985,133.2434,156.06945,133.23918218003763,133.34161749906187,5.5913187174396795,31.2628449999913,0.19013435730827216,-0.015118476522750446,0.08235482067257727,191.91,-29.393986764629254,-34.67771351154187,52.8570006548102,-0.10243531902423797,-0.7338808984788089,0.6314455794545709,144.28113743487935,121.91586256512065,0.16803551407235023,4.130000000000024,6.807857142857144,-1.2580043395010867,0.004982509766763228,-0.49278846180392794,False
2026-04-01,NVDA,132.77,137.61,132.69,136.65,510508,133.47750000000002,133.1692,155.99660000000003,133.76392338310876,133.58668286950174,5.560696543835417,30.921346052623154,0.12730531897263558,0.008487084870848705,0.09154085789599775,191.91,-28.79474753790839,-34.67771351154187,54.28991775481082,0.17724051360701765,-0.5516566160616436,0.7288971296686613,144.59889308767086,122.35610691232918,0.1666407160408434,4.920000000000016,6.744285714285716,-1.2698064877586765,0.038929633571804956,0.15577710136987347,False
2026-04-02,NVDA,136.35,137.49,134.57,135.98,346202,133.9265,133.1646,155.9216,134.10485824724586,133.76396561990902,5.36939698172526,28.83042394736033,0.06448078081984635,-0.00490303695572647,0.08618899273104841,191.91,-29.143869522171855,-34.67771351154187,53.27394890798481,0.3408926273368422,-0.37314676738194646,0.7140393947187886,144.66529396345052,123.18770603654949,0.16036847021986714,2.920000000000016,6.287142857142861,-1.084118592166712,0.06728986640696154,-0.2704651053322957,False
2026-04-03,NVDA,136.35,138.1,133.1,134.73,1345047,134.233,133.0348,155.8436,134.20103390151573,133.83552372213796,5.222286351478081,27.272274736834245,0.07719474023434293,-0.009192528312987225,0.07620416966211319,191.91,-29.795216507738004,-34.67771351154187,51.34346461566899,0.36551017937776464,-0.22541537803000428,0.590925557407769,144.67757270295616,123.78842729704384,0.15561855434887334,5.0,5.96571428571429,-1.194312485278596,0.11236271218559928,-0.3678751589527229,False
2026-04-06,NVDA,140.1,142.84,139.14,141.2,436681,134.50650000000002,133.1264,155.7785,135.27779791666717,134.38104048346108,5.443369965282509,29.6302765789397,0.04931900338837816,0.04802196986565721,0.12788561386692177,191.91,-26.42384451044761,-34.67771351154187,59.52002375743086,0.8967574332060906,-0.0009808157827853048,0.8977382489888759,145.39323993056504,123.619760069435,0.16187678559125424,8.110000000000014,6.143571428571433,-0.331332921356694,0.19280670161532534,1.4195571799271804,False
2026-04-07,NVDA,147.1,149.09,143.41,145.6,851099,135.01600000000002,133.3164,155.72639999999998,136.86582900641068,135.21207452172322,5.982575048465251,35.791204210519005,0.2325792051837137,0.031161473087818692,0.16303219106957378,191.91,-24.131103121254757,-34.67771351154187,63.95605683895827,1.653754484687454,0.3299662443112626,1.3237882403761914,146.98115009693052,123.05084990306952,0.17724047663877612,7.890000000000015,6.284285714285718,0.4211206965167838,0.30556927967028963,0.826441330354732,False
2026-04-08,NVDA,146.61,146.76,144.85,146.26,585203,135.4495,133.5874,155.6724,138.3110860823475,136.03043937196594,6.472925373795828,41.898762894729856,0.26164583990741025,0.004532967032967017,0.16830417764997163,191.91,-23.78719191287583,-34.67771351154187,64.58301996100721,2.2806467103815464,0.7201023375253194,1.560544372856227,148.39535074759166,122.50364925240834,0.1911539097241653,1.9099999999999966,5.541428571428576,0.3614883814012612,0.3614221238206613,0.029902052865383635,False
2026-04-09,NVDA,137.26,138.44,132.63,138.16,955495,135.4895,133.655,155.60184999999998,138.28784206967865,136.18818460367217,6.487807573075529,42.09164710525619,0.15018886402127973,-0.05538082866128813,0.10360252416327143,191.91,-28.007920379344487,-34.67771351154187,52.51086866560733,2.0996574660064766,0.9960133632215509,1.1036441027849258,148.46511514615105,122.51388485384894,0.1915368371150688,13.629999999999995,6.114285714285719,-0.11475198995372779,0.3667827471061021,-1.600612248980858,False
2026-04-10,NVDA,138.37,138.46,135.89,137.06,906023,135.122,133.7202,155.5322,138.09894328972808,136.25276352191867,6.15557650470335,37.89112210525591,0.04544663803104539,-0.007961783439490389,0.09481587986260842,191.91,-28.581105726642697,-34.67771351154187,51.113552333816145,1.8461797678094172,1.1660466441391242,0.680133123670293,147.4331530094067,122.81084699059332,0.18222277659310393,2.5700000000000216,5.871428571428576,-0.25438361085255573,0.3522546749343349,-0.17732580265446016,False
2026-04-13,NVDA,146.65,148.44,143.09,146.87,1154736,135.549,134.0136,155.49349999999998,139.44833662976993,137.03922548325804,6.664947506406254,44.42152526315095,0.04810677855545913,0.07157449292280749,0.173176771307612,191.91,-23.46933458391954,-34.67771351154187,61.06427831299677,2.40911114651189,1.4146595446136774,0.9944516018982126,148.8788950128125,122.21910498718749,0.19668009373455364,11.379999999999995,6.3528571428571485,0.4222377568444681,0.36375604930959726,1.9125596193048846,False
2026-04-14,NVDA,147.71,150.2,145.11,146.18,748472,135.91750000000002,134.2328,155.44975,140.48397714826686,137.71631989190558,7.047497409494766,49.667219736835435,0.0028206018496112176,-0.004698032273439123,0.16766514897355966,191.91,-23.82887811995206,-34.67771351154187,60.13707840786298,2.767657256361275,1.685259086963197,1.0823981693980782,150.01249481898955,121.82250518101048,0.2074051511981832,5.089999999999975,6.472142857142861,0.5988998238556195,0.40497315484932406,-0.22145957213112802,False
2026-04-15,NVDA,150.88,151.83,148.52,150.46,689078,136.77100000000002,134.5326,155.4136,142.01874989468735,138.6602961962089,7.726250469392216,59.69494631578343,0.06654721770538387,0.029278971131481812,0.20185318316159395,191.91,-21.598666041373555,-34.67771351154187,63.80802291696355,3.3584536984784563,2.0198980092662486,1.3385556892122077,152.22350093878444,121.31849906121559,0.22596165764357098,5.650000000000006,5.686428571428577,0.8673912220974462,0.4110519560272921,0.6556040664776056,False
2026-04-16,NVDA,156.25,158.15,150.5,156.19,2336496,138.3125,134.9086,155.36935,144.1989422185816,139.95879277426747,8.37780958371863,70.18769342104773,0.37359155624800405,0.03808321148478,0.24762361210959294,191.91,-18.612891459538325,-34.67771351154187,68.0500584201992,4.240149444314142,2.4639482962758272,1.7762011480383144,155.06811916743726,121.55688083256274,0.24228640459014564,7.689999999999998,5.982142857142861,1.4930701920910703,0.38108722230301945,0.8450574176544139,False
2026-04-17,NVDA,156.83,162.84,156.4,157.23,1013467,139.8525,135.3696,155.3075,146.20372033879983,141.23814145765508,8.893558209826658,79.09537763157515,0.49123249547001546,0.006658556885844158,0.25593098490294697,191.91,-18.070970767547294,-34.67771351154187,68.76563814821893,4.965578881144751,2.964274413249612,2.001304467895139,157.6396164196533,122.06538358034668,0.25436965974370584,6.650000000000006,6.252857142857148,1.2282998416023965,0.3425281779999873,-0.15141909741970228,False
2026-04-20,NVDA,153.98,156.79,151.95,154.09,1126539,141.206,135.8584,155.22705,147.4169941328306,142.19013097931025,8.89768237121019,79.16875157894457,0.41193201264866863,-0.019970743496788068,0.2308491093537819,191.91,-19.707154395289457,-34.67771351154187,64.09783719663764,5.226863153520355,3.4167921613037606,1.8100709922165947,159.00136474242038,123.41063525757961,0.2520482804189678,5.280000000000001,6.3350000000000035,1.3572906242301754,0.3673707825954615,-0.9365287965303142,False
2026-04-21,NVDA,145.65,145.92,140.53,145.08,553397,142.148,136.1572,155.1115,147.0574565739336,142.4041953512132,8.199761613993036,67.23609052631369,0.30193218362988916,-0.05847232137062752,0.15887850467289688,191.91,-24.402063467250265,-34.67771351154187,52.98397063345027,4.653261222720403,3.664085973587089,0.9891752491333135,158.54752322798606,125.74847677201393,0.23073871215896202,13.560000000000002,6.95214285714286,0.8081266408883628,0.3766899731667209,-1.8576761813969476,False
2026-04-22,NVDA,147.94,148.11,145.64,147.76,713522,143.234,136.5276,155.06095,147.1655401779438,142.8009216214937,7.348199493037213,53.99603578947236,0.1984658471816603,0.018472566859663475,0.1802859653326938,191.91,-23.005575530196452,-34.67771351154187,55.45789936124228,4.364618556450097,3.804192490159691,0.5604260662904057,157.93039898607444,128.53760101392558,0.2052082464509045,3.030000000000001,6.960000000000002,1.2092858804172035,0.40633339551904707,0.2782972276950825,False
2026-04-23,NVDA,142.68,145.31,141.96,144.91,1814554,143.6585,136.7972,154.99865,146.81853399672167,142.9571496495312,7.177079947927732,51.51047657894634,0.11291887040370711,-0.01928803465078499,0.15752056873552167,191.91,-24.49064665728727,-34.67771351154187,52.305896286520756,3.861384347190466,3.8156308615658463,0.04575348562461956,158.01265989585548,129.30434010414453,0.1998372514798007,5.799999999999983,7.017142857142858,0.8872137560445655,0.43697538186018514,-0.7233300022862129,False
2026-04-24,NVDA,144.08,148.68,137.99,145.71,859756,144.16,137.08520000000001,154.94594999999998,146.64799030491832,143.16106449030667,6.936635010086463,48.11690526315723,0.10184317989700477,0.005520668000828177,0.16391085549964024,191.91,-24.073784586524926,-34.67771351154187,53.111496184206736,3.486925814611652,3.7498898521750075,-0.2629640375633553,158.03327002017292,130.28672997982707,0.1924704497804235,10.689999999999998,7.201428571428571,1.0048093031623013,0.5525725360851584,0.04709922686543247,False
2026-04-27,NVDA,139.74,142.36,139.7,141.34,1252968,144.348,137.26940000000002,154.8628,145.83137641185397,143.02617082435802,6.798491783205689,46.21949052631527,0.06595472431051738,-0.029991078168965735,0.1290039140506427,191.91,-26.350893648064194,-34.67771351154187,48.311093080576136,2.805205587495948,3.5609529992391957,-0.7557474117432479,157.9449835664114,130.75101643358863,0.18839171400242996,6.010000000000019,7.067142857142857,0.8330085935981801,0.5997533939699491,-0.9878772445895789,False
2026-04-28,NVDA,139.82,144.41,137.06,140.55,498734,144.60049999999998,137.541,154.7779,145.01885696387643,142.84275076329448,6.541498681494911,42.791204999999664,0.045118265883140704,-0.005589358992500348,0.12269350587107564,191.91,-26.762544942941997,-34.67771351154187,47.475699975954846,2.1761062005819554,3.2839836395077477,-1.1078774389257924,157.6834973629898,131.51750263701015,0.1809536946689649,7.349999999999994,7.4557142857142855,0.5774755918415224,0.6143806977037297,-0.24686153051638413,False
2026-04-29,NVDA,142.2,147.85,140.32,140.82,3480139,144.809,137.6914,154.69985,144.37287896943388,142.6929173734208,6.338043779224647,40.17079894736825,-0.027929033105549617,0.0019210245464247322,0.12485022765396558,191.91,-26.62185399405972,-34.67771351154187,47.80787757116183,1.6799615960130723,2.963179230808813,-1.283217634795741,157.4850875584493,132.1329124415507,0.17507320067743437,7.530000000000001,7.0200000000000005,0.5781324743697146,0.6006752561745334,-0.002121654386272244,False
2026-04-30,NVDA,141.92,144.74,141.77,141.93,979884,145.10649999999998,137.87220000000002,154.66084999999998,143.99705143567482,142.63640497538964,6.034167866583205,36.411181842105314,-0.03282655025324037,0.007882403067746235,0.1337167505391803,191.91,-26.043457870876967,-34.67771351154187,49.229439930712694,1.3606464602851815,2.642672676704087,-1.2820262164189056,157.1748357331664,133.03816426683358,0.1663376310939401,3.920000000000016,7.116428571428571,0.521490311040647,0.5257045474973272,0.16430643332119108,False
2026-05-01,NVDA,138.34,139.96,135.62,138.15,1964070,145.27749999999997,137.9272,154.6197,143.0975050609556,142.30407868091632,5.767188382748168,33.260461842105435,0.026099051856181263,-0.02663284717818648,0.10352264557872015,191.91,-28.01313115522901,-34.67771351154187,44.758582828730376,0.7934263800392785,2.2728234173711255,-1.479397037331847,156.81187676549632,133.74312323450363,0.15879095889585584,6.310000000000002,6.7542857142857144,0.49083911459975665,0.4519178470362064,-0.8721615162344176,False
2026-05-04,NVDA,142.84,144.67,140.95,142.53,1672890,145.344,138.1234,154.5908,143.01019659003936,142.32081359344104,5.725212384017338,32.778056842105485,0.06720079617626992,0.03170466883821921,0.13850946561226896,191.91,-25.73081131780522,-34.67771351154187,50.381672502836345,0.6893829965983116,1.9561353332165627,-1.2667523366182512,156.79442476803467,133.89357523196531,0.15756308850774273,6.519999999999982,6.856428571428572,1.0904847371036157,0.35368779781639637,0.9761008319745663,False
2026-05-05,NVDA,140.24,141.24,137.92,140.55,671143,145.0915,138.2566,154.5184,142.63170480695638,142.18964221614914,5.823838736742197,33.917097631578955,0.29509976961108364,-0.013891812250052538,0.12269350587107564,191.91,-26.762544942941997,-34.67771351154187,48.00289725169409,0.44206259080723953,1.6533207847346982,-1.2112581939274587,156.7391774734844,133.4438225265156,0.16055630375982613,4.610000000000014,6.782142857142858,0.9267732688287478,0.30794108092890754,-0.4078034190942344,False
2026-05-06,NVDA,135.71,136.77,132.86,134.89,773156,144.523,138.3602,154.4188,141.44067329819384,141.6489279779159,6.243591324836891,38.98243263157848,0.8058774882679727,-0.04027036641764514,0.07748222701493668,191.91,-29.711844093585544,-34.67771351154187,41.911095418916375,-0.20825467972204592,1.2810056918433494,-1.4892603715653954,157.01018264967377,132.03581735032623,0.17280547248083378,7.689999999999998,6.782142857142858,0.6126252233396805,0.3516667754184245,-1.14724912530171,False
2026-05-07,NVDA,135.5,136.99,134.39,134.67,1006029,144.3485,138.42700000000002,154.31085,140.39903125231785,141.1319703499221,6.475260836038671,41.92900289473623,0.7729553388922921,-0.001630958558825668,0.07572489815480421,191.91,-29.82648116304518,-34.67771351154187,41.68963437832157,-0.7329390976042589,0.8782167339538279,-1.611155831558087,157.29902167207734,131.39797832792266,0.17943410111053934,2.6000000000000227,6.4928571428571455,0.4471929947314071,0.38687027630979465,-0.02588481567789286,False
2026-05-08,NVDA,132.65,138.43,131.84,134.93,744671,144.24200000000002,138.5196,154.18435,139.55764182888433,140.67256513881676,6.617401779836913,43.79000631578875,0.7584572221205087,0.0019306452810574637,0.07780174135314288,191.91,-29.69100099004741,-34.67771351154187,42.07916222462453,-1.1149233099324363,0.47958872517657514,-1.5945120351090114,157.47680355967384,131.0071964403262,0.1835083201796123,6.590000000000003,6.586428571428574,0.4727537274452867,0.39272260958981275,0.0778771923044579,False
2026-05-11,NVDA,136.88,139.2,133.9,135.62,2070745,143.67950000000002,138.6212,154.07665,138.95185077828674,140.29830105445998,6.85609408137245,47.00602605263034,0.7413542944467074,0.0051137626917661105,0.08331336368719522,191.91,-29.3314574540149,-34.67771351154187,43.16427426174937,-1.3464502761732433,0.11438092490661145,-1.4608312010798548,157.3916881627449,129.96731183725512,0.19087188029948451,5.299999999999983,5.996428571428573,0.4626402198046883,0.43316809442141974,0.3624096678549293,False
2026-05-12,NVDA,140.4,142.11,138.95,140.5,2666983,143.3955,138.7714,153.9852,139.19002758162725,140.31324171709258,6.864700303957661,47.124110263156396,0.7469236520690389,0.035982893378557756,0.12229411294831838,191.91,-26.78859882236465,-34.67771351154187,50.26148892754875,-1.1232141354653322,-0.1331380871677773,-0.9900760482975549,157.12490060791532,129.66609939208467,0.19148997852673652,6.490000000000009,6.24357142857143,1.1420182491213182,0.45236886497162493,1.4553095567590169,False
2026-05-13,NVDA,142.27,142.3,138.87,139.82,1722400,142.8635,138.9864,153.9042,139.28694641522307,140.27670529360424,6.698682725966046,44.8723502631559,0.748406283057131,-0.004839857651245616,0.11686236919881754,191.91,-27.142931582512634,-34.67771351154187,49.33697632591722,-0.989758878381167,-0.3044622454104553,-0.6852966329707117,156.2608654519321,129.46613454806788,0.18755477013977823,3.430000000000007,6.074285714285717,0.6634154766557763,0.4521927874187341,-0.05940412108627227,False
2026-05-14,NVDA,139.37,141.16,137.22,139.55,1031873,142.0315,139.2374,153.80380000000002,139.32741619749643,140.2228752718558,5.947639314976142,35.37441342104987,0.7655614220748637,-0.0019310542125589025,0.11470564741592759,191.91,-27.28362253139492,-34.67771351154187,48.95195299806146,-0.8954590743593656,-0.4226616112002374,-0.4727974631591282,153.92677862995228,130.1362213700477,0.16750197850409645,3.9399999999999977,5.592142857142861,0.6740481984704119,0.47859913402571325,0.15040539740244926,False
2026-05-15,NVDA,136.09,138.09,131.75,135.87,1099061,140.9635,139.3828,153.68110000000001,138.79550601326622,139.90044006653315,4.900435292158022,24.014266052627878,0.7952123751972529,-0.026370476531709097,0.08531032830098217,191.91,-29.201188056901668,-34.67771351154187,43.92094583549946,-1.1049340532669305,-0.559116099613576,-0.5458179536533545,150.76437058431605,131.16262941568397,0.1390554375326385,7.800000000000011,5.720000000000003,0.2548772862859156,0.5534478113137977,-0.8372270077742292,False
2026-05-18,NVDA,139.96,140.52,135.34,138.86,754600,140.202,139.44539999999998,153.56645,138.80542816507142,139.82337043197515,3.816812668623397,14.568058947364058,0.8128159398194765,0.022006329579745465,0.10919402508187526,191.91,-27.643166067427433,-34.67771351154187,48.54790853524975,-1.0179422669037308,-0.650881333071607,-0.3670609338321238,147.8356253372468,132.5683746627532,0.10889467107811299,5.180000000000007,5.565000000000004,0.6392025113392198,0.5847170576496866,1.1325456749208886,False
2026-05-19,NVDA,138.35,139.82,138.15,139.65,1360683,139.9305,139.5302,153.4707,138.93536229352196,139.81052817775475,3.64062382595355,13.254141842100665,0.9082535401548502,0.005689183350136684,0.11550443326144211,191.91,-27.23151477254963,-34.67771351154187,49.728123192067265,-0.8751658842327856,-0.6957382433038428,-0.1794276409289428,147.2117476519071,132.6492523480929,0.10406948666526752,1.6699999999999875,5.146428571428574,0.6106916284338069,0.5888186500058956,0.3657436001301099,False
2026-05-20,NVDA,137.38,141.67,132.58,138.33,984464,139.459,139.545,153.3532,138.84222963298012,139.700859423847,3.150964597505319,9.928577894731857,1.0244982565785934,-0.009452201933404902,0.10496046010064664,191.91,-27.91933718930748,-34.67771351154187,47.75694436538394,-0.8586297908668712,-0.7283165528164485,-0.13031323805042272,145.76092919501065,133.15707080498936,0.09037680171248386,9.089999999999975,5.515714285714286,0.8188814013699334,0.5937653553631778,-0.3217230698548354,False
2026-05-21,NVDA,133.44,135.9,129.49,131.99,1520304,138.81300000000002,139.4376,153.15945,137.78804045867548,139.1296846517102,3.2956847383709666,10.861537894731308,0.8706230933498699,-0.04583242969710111,0.05431743749500728,191.91,-31.222969100098997,-34.67771351154187,39.63123052272965,-1.3416441930347105,-0.850982080860101,-0.49066211217460953,145.40436947674195,132.22163052325809,0.09496761076760722,8.840000000000003,5.696428571428571,0.27131449547090897,0.6201743450448137,-1.9106959188001735,False
2026-05-22,NVDA,138.07,138.11,129.89,137.03,773607,138.379,139.29,153.0114,137.6714188496485,138.97415245528722,2.8856503417307726,8.326977894730925,0.8704687135215877,0.03818471096295162,0.09457624410895393,191.91,-28.596738054296285,-34.67771351154187,47.30672164688885,-1.3027336056387355,-0.9413323858158279,-0.3614012198229076,144.15030068346152,132.60769931653846,0.083412955484019,8.220000000000027,5.817857142857146,0.6810668841655652,0.6872604110281896,1.7365849696355578,False
2026-05-25,NVDA,132.26,135.29,131.98,133.0,845704,137.962,139.1834,152.8494,136.95273902662564,138.53162264378446,3.034025639137067,9.205311578941089,0.929091546152155,-0.029409618331752152,0.06238517453470682,191.91,-30.696680735761557,-34.67771351154187,42.63846615636686,-1.578883617158823,-1.0688426320844269,-0.5100409850743961,144.03005127827413,131.89394872172585,0.08796699494460998,5.050000000000011,5.849285714285718,0.39691080789913225,0.6425031239548589,-1.1303360012869161,False
2026-05-26,NVDA,130.22,133.62,128.56,131.17,1566117,137.493,139.0306,152.67255,136.06308686868323,137.98631726276338,3.3240370192367723,11.049222105256485,0.9346642871701905,-0.013759398496240749,0.0477673935617855,191.91,-31.650252722630405,-34.67771351154187,40.67557511329231,-1.92323039408015,-1.2397201844835715,-0.6835102095965786,144.14107403847353,130.84492596152646,0.09670418186341906,5.060000000000002,5.661428571428575,0.10759759222089958,0.5659184357228702,-0.44659875512627967,False
